name,node_id,osm_node_id,osm_highway,zone_id,ctrl_type,node_type,activity_type,is_boundary,x_coord,y_coord,main_node_id,poi_id,notes,production,attraction,activity_zone_id,activity_location_tab
,1,1799680779.0,turning_circle,1.0,0,,residential,1,-111.918685,33.4188785,,,,800.0,800.0,39.0,boundary
,2,5338062390.0,,2.0,0,,unclassified,1,-111.9293144,33.4297279,,,,800.0,800.0,33.0,boundary
,3,,,3.0,0,,residential,1,-111.9442627,33.4302,,,boundary node created by osm2gmns,800.0,800.0,31.0,boundary
,4,,,4.0,0,,residential,1,-111.9424473,33.415,,,boundary node created by osm2gmns,800.0,800.0,45.0,boundary
,5,,,5.0,0,,primary,1,-111.9384473,33.415,,,boundary node created by osm2gmns,800.0,800.0,44.0,boundary
,6,,,6.0,0,,residential,1,-111.945,33.4194026,,,boundary node created by osm2gmns,800.0,800.0,27.0,boundary
,7,,,7.0,0,,residential,1,-111.945,33.4231773,,,boundary node created by osm2gmns,800.0,800.0,28.0,boundary
,8,,,8.0,0,,residential,1,-111.945,33.4168248,,,boundary node created by osm2gmns,800.0,800.0,26.0,boundary
,9,,,9.0,0,,residential,1,-111.945,33.4243234,,,boundary node created by osm2gmns,800.0,800.0,28.0,boundary
,10,,,10.0,0,,residential,1,-111.945,33.4160696,,,boundary node created by osm2gmns,800.0,800.0,26.0,boundary
,11,,,11.0,0,,residential,1,-111.945,33.420639,,,boundary node created by osm2gmns,800.0,800.0,27.0,boundary
,12,,,12.0,0,,residential,1,-111.945,33.4177879,,,boundary node created by osm2gmns,800.0,800.0,26.0,boundary
,13,,,13.0,0,,secondary,1,-111.9351443,33.4302,,,boundary node created by osm2gmns,800.0,800.0,32.0,boundary
,14,,,14.0,0,,secondary,1,-111.9399674,33.415,,,boundary node created by osm2gmns,800.0,800.0,45.0,boundary
,15,,,15.0,0,,primary,1,-111.9262887,33.4302,,,boundary node created by osm2gmns,800.0,800.0,34.0,boundary
,16,,,16.0,0,,rail,1,-111.9435524,33.415,,,boundary node created by osm2gmns,800.0,800.0,45.0,boundary
,17,,,17.0,0,,rail,1,-111.9435808,33.4302,,,boundary node created by osm2gmns,800.0,800.0,31.0,boundary
,18,,,18.0,0,,light_rail,1,-111.9434997,33.4302,,,boundary node created by osm2gmns,800.0,800.0,31.0,boundary
,19,,,19.0,0,,light_rail,1,-111.9205171,33.415,,,boundary node created by osm2gmns,800.0,800.0,41.0,boundary
,20,,,20.0,0,,light_rail,1,-111.9204628,33.415,,,boundary node created by osm2gmns,800.0,800.0,41.0,boundary
,21,,,21.0,0,,light_rail,1,-111.9434559,33.4302,,,boundary node created by osm2gmns,800.0,800.0,31.0,boundary
,22,,,22.0,0,,secondary,1,-111.9433042,33.4302,,,boundary node created by osm2gmns,800.0,800.0,31.0,boundary
,23,,,23.0,0,,unclassified,1,-111.9206533,33.4302,,,boundary node created by osm2gmns,800.0,800.0,35.0,boundary
,24,,,24.0,0,,unclassified,1,-111.9205264,33.4302,,,boundary node created by osm2gmns,800.0,800.0,35.0,boundary
,25,,,25.0,0,,unclassified,1,-111.9190716,33.4302,,,boundary node created by osm2gmns,800.0,800.0,35.0,boundary
,26,,,26.0,0,,residential,1,-111.9442379,33.415,,,boundary node created by osm2gmns,800.0,800.0,45.0,boundary
,27,,,27.0,0,,rail,1,-111.943598,33.415,,,boundary node created by osm2gmns,800.0,800.0,45.0,boundary
,28,,,28.0,0,,secondary,1,-111.9398526,33.415,,,boundary node created by osm2gmns,800.0,800.0,45.0,boundary
,29,,,29.0,0,,tertiary,1,-111.945,33.4291403,,,boundary node created by osm2gmns,800.0,800.0,30.0,boundary
,30,,,30.0,0,,secondary,1,-111.9178,33.4220186,,,boundary node created by osm2gmns,800.0,800.0,38.0,boundary
,31,,,31.0,0,,primary,1,-111.9401279,33.4302,,,boundary node created by osm2gmns,800.0,800.0,31.0,boundary
,32,,,32.0,0,,primary,1,-111.945,33.421896,,,boundary node created by osm2gmns,800.0,800.0,28.0,boundary
,33,,,33.0,0,,secondary,1,-111.9178,33.4291958,,,boundary node created by osm2gmns,800.0,800.0,36.0,boundary
,34,,,34.0,0,,secondary,1,-111.9178,33.4293355,,,boundary node created by osm2gmns,800.0,800.0,36.0,boundary
,35,,,35.0,0,,secondary,1,-111.9350646,33.4302,,,boundary node created by osm2gmns,800.0,800.0,32.0,boundary
,36,,,36.0,0,,secondary,1,-111.9378599,33.4302,,,boundary node created by osm2gmns,800.0,800.0,32.0,boundary
,37,,,37.0,0,,tertiary,1,-111.9349519,33.415,,,boundary node created by osm2gmns,800.0,800.0,44.0,boundary
,38,,,38.0,0,,tertiary,1,-111.9206093,33.415,,,boundary node created by osm2gmns,800.0,800.0,41.0,boundary
,39,,,39.0,0,,residential,1,-111.9445362,33.4302,,,boundary node created by osm2gmns,800.0,800.0,30.0,boundary
,40,,,40.0,0,,secondary,1,-111.9431842,33.4302,,,boundary node created by osm2gmns,800.0,800.0,31.0,boundary
,41,,,41.0,0,,tertiary,1,-111.9306869,33.415,,,boundary node created by osm2gmns,800.0,800.0,43.0,boundary
,42,,,42.0,0,,residential,1,-111.9178,33.4184012,,,boundary node created by osm2gmns,800.0,800.0,39.0,boundary
,43,,,43.0,0,,unclassified,1,-111.9180917,33.4302,,,boundary node created by osm2gmns,800.0,800.0,36.0,boundary
,44,,,44.0,0,,residential,1,-111.945,33.4294296,,,boundary node created by osm2gmns,800.0,800.0,30.0,boundary
,45,,,45.0,0,,tram,1,-111.9382051,33.415,,,boundary node created by osm2gmns,800.0,800.0,44.0,boundary
,46,,,46.0,0,,tram,1,-111.9383997,33.415,,,boundary node created by osm2gmns,800.0,800.0,44.0,boundary
,47,,,47.0,0,,residential,1,-111.9411921,33.415,,,boundary node created by osm2gmns,800.0,800.0,45.0,boundary
,48,,,48.0,0,,residential,1,-111.945,33.4254913,,,boundary node created by osm2gmns,800.0,800.0,29.0,boundary
,49,,,49.0,0,,residential,1,-111.945,33.4254599,,,boundary node created by osm2gmns,800.0,800.0,29.0,boundary
,50,,,50.0,0,,tram,1,-111.9381035,33.4302,,,boundary node created by osm2gmns,800.0,800.0,32.0,boundary
,51,,,51.0,0,,tram,1,-111.934942,33.4302,,,boundary node created by osm2gmns,800.0,800.0,32.0,boundary
,52,41459438.0,,,0,,residential,0,-111.9275146,33.4245016,,,,15.0,15.0,9.0,residential
,53,41520506.0,,,0,,tertiary,0,-111.9442567,33.4295155,,,,0.0,0.0,,
,54,41520509.0,,,0,,tertiary,0,-111.9443252,33.4291446,,,,0.0,0.0,,
,55,41520512.0,,,0,,residential,0,-111.9442814,33.4254737,,,,15.0,15.0,6.0,residential
,56,41520515.0,,,0,,residential,0,-111.9443033,33.4243197,,,,15.0,15.0,11.0,residential
,57,41520518.0,,,0,,residential,0,-111.9442993,33.4231771,,,,15.0,15.0,11.0,residential
,58,41520521.0,traffic_signals,,1,,residential,0,-111.9442661,33.4218936,,,,15.0,15.0,11.0,residential
,59,41520523.0,,,0,,residential,0,-111.9442498,33.420638,,,,15.0,15.0,16.0,residential
,60,41520525.0,,,0,,residential,0,-111.9442498,33.4203483,,,,15.0,15.0,16.0,residential
,61,41520528.0,,,0,,residential,0,-111.944246,33.4194019,,,,15.0,15.0,16.0,residential
,62,41520531.0,,,0,,residential,0,-111.9442453,33.4189174,,,,15.0,15.0,16.0,residential
,63,41520533.0,,,0,,residential,0,-111.9442439,33.4177833,,,,15.0,15.0,21.0,residential
,64,41520536.0,,,0,,residential,0,-111.944241,33.4168222,,,,15.0,15.0,21.0,residential
,65,41520539.0,,,0,,residential,0,-111.9442403,33.4160678,,,,15.0,15.0,21.0,residential
,66,41529691.0,traffic_signals,,1,,tertiary,0,-111.9304264,33.4231268,,,,0.0,0.0,,
,67,41529697.0,,,0,,residential,0,-111.9290798,33.4242989,,,,15.0,15.0,13.0,residential
,68,41529701.0,traffic_signals,,1,,primary,0,-111.9262237,33.4245026,13.0,,,0.0,0.0,,
,69,41529740.0,traffic_signals,,1,,residential,0,-111.9400786,33.4243437,4.0,,,15.0,15.0,11.0,residential
,70,41529742.0,turning_loop,,0,,residential,0,-111.9391418,33.4243489,,,,15.0,15.0,12.0,residential
,71,41529813.0,,,0,,residential,0,-111.936666,33.4243591,,,,15.0,15.0,12.0,residential
,72,41533533.0,,,0,,primary,0,-111.9412608,33.4219305,,,,0.0,0.0,,
,73,41533538.0,,,0,,residential,0,-111.9412375,33.4190521,,,,15.0,15.0,16.0,residential
,74,41533540.0,,,0,,residential,0,-111.94123,33.4176195,,,,15.0,15.0,21.0,residential
,75,41533544.0,,,0,,residential,0,-111.941205,33.416204,,,,15.0,15.0,21.0,residential
,76,41563458.0,,,0,,residential,0,-111.9424528,33.4161904,,,,15.0,15.0,21.0,residential
,77,41563460.0,,,0,,residential,0,-111.9424525,33.4176183,,,,15.0,15.0,21.0,residential
,78,41563464.0,,,0,,residential,0,-111.9423945,33.4190482,,,,15.0,15.0,16.0,residential
,79,41563472.0,,,0,,residential,0,-111.9423721,33.4205087,,,,15.0,15.0,16.0,residential
,80,41563475.0,traffic_signals,,1,,primary,0,-111.9423899,33.4219281,,,,0.0,0.0,,
,81,41563500.0,traffic_signals,,1,,residential,0,-111.943347,33.4254811,,,,15.0,15.0,6.0,residential
,82,41563515.0,traffic_signals,,1,,tertiary,0,-111.9427719,33.4275569,,,,0.0,0.0,,
,83,41563519.0,,,0,,tertiary,0,-111.9426691,33.4277019,,,,0.0,0.0,,
,84,41563527.0,,,0,,tertiary,0,-111.942465,33.4284426,,,,0.0,0.0,,
,85,41563536.0,,,0,,tertiary,0,-111.9426248,33.4289759,,,,0.0,0.0,,
,86,41573980.0,traffic_signals,,1,,residential,0,-111.9263074,33.4168484,,,,15.0,15.0,24.0,residential
,87,41573982.0,traffic_signals,,1,,primary,0,-111.9262905,33.4191375,,,,0.0,0.0,,
,88,41573985.0,,,0,,tertiary,0,-111.9262379,33.4209763,,,,0.0,0.0,,
,89,41573995.0,traffic_signals,,1,,secondary,0,-111.9262821,33.4287845,8.0,,,0.0,0.0,,
,90,41605233.0,traffic_signals,,1,,primary,0,-111.9400872,33.4295692,3.0,,,0.0,0.0,,
,91,41606179.0,,,0,,residential,0,-111.922468,33.4167526,,,,15.0,15.0,25.0,residential
,92,41624255.0,,,0,,primary,0,-111.9399667,33.4167979,,,,0.0,0.0,,
,93,41630200.0,traffic_signals,,1,,residential,0,-111.9400776,33.4264624,0.0,,,15.0,15.0,6.0,residential
,94,41630202.0,,,0,,residential,0,-111.940778,33.4264585,,,,15.0,15.0,6.0,residential
,95,41654675.0,,,0,,tertiary,0,-111.9294043,33.4166443,,,,0.0,0.0,,
,96,41654678.0,,,0,,residential,0,-111.920587,33.4167118,,,,15.0,15.0,25.0,residential
,97,41654679.0,,,0,,residential,0,-111.9187765,33.4166821,,,,15.0,15.0,25.0,residential
,98,41662569.0,crossing,,0,,primary,0,-111.9400948,33.4297326,,,,0.0,0.0,,
,99,41662581.0,traffic_signals,,1,,residential,0,-111.9400679,33.4273849,5.0,,,15.0,15.0,6.0,residential
,100,41662584.0,traffic_signals,,1,,residential,0,-111.9400797,33.4254922,6.0,,,15.0,15.0,6.0,residential
,101,41662587.0,traffic_signals,,1,,residential,0,-111.9400687,33.4231956,1.0,,,15.0,15.0,11.0,residential
,102,41662590.0,traffic_signals,,1,,primary,0,-111.9400803,33.4219289,12.0,,,0.0,0.0,,
,103,41662596.0,,,0,,residential,0,-111.9400362,33.4176249,,,,15.0,15.0,21.0,residential
,104,41662598.0,,,0,,residential,0,-111.9399894,33.4162047,,,,15.0,15.0,21.0,residential
,105,41714336.0,traffic_signals,,1,,residential,0,-111.9366625,33.4219038,2.0,,,15.0,15.0,12.0,residential
,106,41714339.0,traffic_signals,,1,,secondary,0,-111.9349431,33.4220042,15.0,,,0.0,0.0,,
,107,41714341.0,traffic_signals,,1,,secondary,0,-111.9289415,33.4220194,,,,0.0,0.0,,
,108,41715037.0,,,0,,residential,0,-111.9186841,33.4184064,,,,15.0,15.0,20.0,residential
,109,41736773.0,,,0,,secondary,0,-111.9301262,33.4287001,,,,0.0,0.0,,
,110,41736777.0,traffic_signals,,1,,unclassified,0,-111.9293057,33.4286516,10.0,,,0.0,0.0,,
,111,41746580.0,,,0,,tertiary,0,-111.9366724,33.4254992,,,,0.0,0.0,,
,112,41746582.0,traffic_signals,,1,,tertiary,0,-111.9349278,33.4254396,,,,0.0,0.0,,
,113,41800245.0,,,0,,tertiary,0,-111.9289198,33.4202704,,,,0.0,0.0,,
,114,41957870.0,,,0,,residential,0,-111.9366746,33.4232058,,,,15.0,15.0,12.0,residential
,115,41995466.0,,,0,,residential,0,-111.9381178,33.419078,,,,15.0,15.0,17.0,residential
,116,42273739.0,,,0,,residential,0,-111.9381595,33.4231914,,,,15.0,15.0,12.0,residential
,117,42304472.0,,,0,,tertiary,0,-111.9349899,33.4232132,,,,0.0,0.0,,
,118,42351327.0,,,0,,residential,0,-111.933278,33.4160881,,,,15.0,15.0,23.0,residential
,119,42351391.0,turning_circle,,0,,residential,0,-111.9339665,33.4183547,,,,15.0,15.0,18.0,residential
,120,42556577.0,,,0,,rail,0,-111.9435706,33.4219441,,,,0.0,0.0,,
,121,42556581.0,,,0,,residential,0,-111.9435657,33.4204019,,,,15.0,15.0,16.0,residential
,122,193252222.0,,,0,,secondary,0,-111.9321918,33.4292423,,,,0.0,0.0,,
,123,255819598.0,,,0,,tertiary,0,-111.9434575,33.4295241,,,,0.0,0.0,,
,124,255819874.0,,,0,,secondary,0,-111.9430761,33.429697,,,,0.0,0.0,,
,125,316007232.0,traffic_signals,,1,,tertiary,0,-111.9349809,33.4243346,,,,0.0,0.0,,
,126,316008315.0,,,0,,tertiary,0,-111.9353519,33.4255151,,,,0.0,0.0,,
,127,316128740.0,,,0,,primary,0,-111.926289,33.4298413,,,,0.0,0.0,,
,128,316870186.0,traffic_signals,,1,,primary,0,-111.9395884,33.4159654,,,,0.0,0.0,,
,129,316872729.0,,,0,,residential,0,-111.9338292,33.4183283,,,,15.0,15.0,18.0,residential
,130,316872730.0,,,0,,residential,0,-111.9338106,33.4174451,,,,15.0,15.0,23.0,residential
,131,316872733.0,,,0,,residential,0,-111.9337028,33.4173518,,,,15.0,15.0,23.0,residential
,132,317498437.0,,,0,,rail,0,-111.9435715,33.4254464,,,,0.0,0.0,,
,133,317498474.0,,,0,,tertiary,0,-111.9435847,33.4295124,,,,0.0,0.0,,
,134,317577797.0,,,0,,primary,0,-111.926283,33.4201745,,,,0.0,0.0,,
,135,317654988.0,,,0,,residential,0,-111.9205552,33.4187226,,,,15.0,15.0,20.0,residential
,136,317701014.0,,,0,,primary,0,-111.940029,33.4174558,,,,0.0,0.0,,
,137,330689192.0,traffic_signals,,1,,residential,0,-111.9225348,33.4167548,,,,15.0,15.0,25.0,residential
,138,330689685.0,traffic_signals,,1,,residential,0,-111.9223108,33.4167475,,,,15.0,15.0,25.0,residential
,139,330689687.0,,,0,,tertiary,0,-111.923179,33.417529,,,,0.0,0.0,,
,140,330691269.0,,,0,,secondary,0,-111.9283481,33.422014,,,,0.0,0.0,,
,141,330691322.0,traffic_signals,,1,,primary,0,-111.9262825,33.4200903,,,,0.0,0.0,,
,142,330693619.0,,,0,,tertiary,0,-111.9312627,33.4233579,,,,0.0,0.0,,
,143,330693684.0,,,0,,light_rail,0,-111.9347997,33.4254989,,,,0.0,0.0,,
,144,330693951.0,,,0,,residential,0,-111.930412,33.4231839,,,,15.0,15.0,13.0,residential
,145,330694011.0,crossing,,0,,light_rail,0,-111.9305248,33.4232046,,,,0.0,0.0,,
,146,330695748.0,,,0,,light_rail,0,-111.9400695,33.4274911,,,,0.0,0.0,,
,147,330696552.0,,,0,,tertiary,0,-111.9435008,33.42952,,,,0.0,0.0,,
,148,335595768.0,,,0,,primary,0,-111.9262262,33.4238148,,,,0.0,0.0,,
,149,337713512.0,,,0,,tertiary,0,-111.9394161,33.4254973,,,,0.0,0.0,,
,150,337822444.0,,,0,,residential,0,-111.9228983,33.4238125,,,,15.0,15.0,15.0,residential
,151,863733787.0,,,0,,tertiary,0,-111.9349501,33.4150744,,,,0.0,0.0,,
,152,863736682.0,,,0,,residential,0,-111.9423905,33.4212237,,,,15.0,15.0,16.0,residential
,153,1497998030.0,,,0,,rail,0,-111.9435781,33.4288746,,,,0.0,0.0,,
,154,1501648903.0,,,0,,residential,0,-111.9223974,33.4167503,,,,15.0,15.0,25.0,residential
,155,1501648953.0,,,0,,primary,0,-111.9262853,33.4202273,,,,0.0,0.0,,
,156,1501648993.0,,,0,,secondary,0,-111.9282882,33.422014,,,,0.0,0.0,,
,157,1501649070.0,,,0,,residential,0,-111.9304005,33.4232277,,,,15.0,15.0,13.0,residential
,158,1501649086.0,,,0,,tertiary,0,-111.9306079,33.4232582,,,,0.0,0.0,,
,159,1501649230.0,,,0,,light_rail,0,-111.9347083,33.4254777,,,,0.0,0.0,,
,160,1501649261.0,,,0,,light_rail,0,-111.9366206,33.4263351,,,,0.0,0.0,,
,161,1501649264.0,,,0,,light_rail,0,-111.9365845,33.4264032,,,,0.0,0.0,,
,162,1501649280.0,,,0,,light_rail,0,-111.9369046,33.4264765,,,,0.0,0.0,,
,163,1501649305.0,,,0,,light_rail,0,-111.9385707,33.4271476,,,,0.0,0.0,,
,164,1501649318.0,,,0,,light_rail,0,-111.9389329,33.427278,,,,0.0,0.0,,
,165,1501649320.0,,,0,,light_rail,0,-111.9388991,33.4273357,,,,0.0,0.0,,
,166,1501649373.0,,,0,,light_rail,0,-111.9400695,33.4275261,,,,0.0,0.0,,
,167,1501649392.0,,,0,,tertiary,0,-111.942647,33.4277383,,,,0.0,0.0,,
,168,1617023042.0,,,0,,secondary,0,-111.9424679,33.4293072,,,,0.0,0.0,,
,169,1617023067.0,,,0,,secondary,0,-111.9428468,33.4292652,,,,0.0,0.0,,
,170,1617023089.0,,,0,,secondary,0,-111.9428484,33.4296132,,,,0.0,0.0,,
,171,1698683701.0,,,0,,residential,0,-111.9370673,33.4162376,,,,15.0,15.0,22.0,residential
,172,1698683743.0,,,0,,residential,0,-111.9373124,33.4163246,,,,15.0,15.0,22.0,residential
,173,1698683826.0,traffic_signals,,1,,residential,0,-111.940028,33.4190552,,,,15.0,15.0,16.0,residential
,174,1698683852.0,traffic_signals,,1,,residential,0,-111.9400474,33.4204936,,,,15.0,15.0,16.0,residential
,175,2065989266.0,traffic_signals,,1,,residential,0,-111.9381462,33.4218977,11.0,,,15.0,15.0,12.0,residential
,176,2300341821.0,,,0,,rail,0,-111.9435562,33.4156871,,,,0.0,0.0,,
,177,2300341851.0,crossing,,0,,primary,0,-111.9262885,33.4203522,,,,0.0,0.0,,
,178,2300341852.0,,,0,,rail,0,-111.9435725,33.422456,,,,0.0,0.0,,
,179,2300341863.0,,,0,,rail,0,-111.9436145,33.4254447,,,,0.0,0.0,,
,180,2321431315.0,,,0,,residential,0,-111.9366407,33.4212929,,,,15.0,15.0,12.0,residential
,181,2321431354.0,,,0,,residential,0,-111.936667,33.4212884,,,,15.0,15.0,12.0,residential
,182,2625358994.0,traffic_signals,,1,,primary,0,-111.9394923,33.4160741,,,,0.0,0.0,,
,183,2625358998.0,,,0,,primary,0,-111.9398371,33.4170325,,,,0.0,0.0,,
,184,2625359002.0,,,0,,residential,0,-111.9398439,33.4174549,,,,15.0,15.0,21.0,residential
,185,2625359004.0,,,0,,residential,0,-111.9398468,33.4176189,,,,15.0,15.0,21.0,residential
,186,2625359006.0,traffic_signals,,1,,residential,0,-111.939854,33.4190575,,,,15.0,15.0,16.0,residential
,187,2625359008.0,traffic_signals,,1,,residential,0,-111.9398833,33.4204904,,,,15.0,15.0,16.0,residential
,188,2625359013.0,traffic_signals,,1,,residential,0,-111.9399685,33.4231886,1.0,,,15.0,15.0,11.0,residential
,189,2625359015.0,traffic_signals,,1,,residential,0,-111.9399523,33.4243448,4.0,,,15.0,15.0,11.0,residential
,190,2625359016.0,traffic_signals,,1,,tertiary,0,-111.9399606,33.425492,6.0,,,0.0,0.0,,
,191,2625359017.0,traffic_signals,,1,,residential,0,-111.9399641,33.4264662,0.0,,,15.0,15.0,6.0,residential
,192,2625359019.0,,,0,,unclassified,0,-111.9395019,33.4273825,,,,0.0,0.0,,
,193,2625359021.0,traffic_signals,,1,,unclassified,0,-111.9399633,33.4273851,5.0,,,0.0,0.0,,
,194,2625359023.0,,,0,,light_rail,0,-111.9399644,33.4274908,,,,0.0,0.0,,
,195,2625359025.0,,,0,,light_rail,0,-111.9399642,33.4275269,,,,0.0,0.0,,
,196,2625359028.0,traffic_signals,,1,,primary,0,-111.9399635,33.4295773,3.0,,,0.0,0.0,,
,197,2626242343.0,,,0,,secondary,0,-111.9211598,33.4292573,,,,0.0,0.0,,
,198,2626242355.0,,,0,,unclassified,0,-111.9196278,33.4301419,,,,0.0,0.0,,
,199,2626664037.0,,,0,,residential,0,-111.9376334,33.4243567,,,,15.0,15.0,12.0,residential
,200,2671959118.0,,,0,,tertiary,0,-111.9289501,33.4212297,,,,0.0,0.0,,
,201,2671959143.0,traffic_signals,,1,,primary,0,-111.9262866,33.4202798,,,,0.0,0.0,,
,202,2704829948.0,traffic_signals,,1,,secondary,0,-111.9264076,33.4220275,7.0,,,0.0,0.0,,
,203,2704829949.0,,,0,,primary,0,-111.9262331,33.4228357,,,,0.0,0.0,,
,204,2704829953.0,,,0,,primary,0,-111.9262287,33.4233394,,,,0.0,0.0,,
,205,2704829954.0,,,0,,primary,0,-111.9258887,33.4233401,,,,0.0,0.0,,
,206,2704829964.0,,,0,,primary,0,-111.9263882,33.4238834,,,,0.0,0.0,,
,207,2704829968.0,traffic_signals,,1,,residential,0,-111.9263814,33.4245047,13.0,,,15.0,15.0,9.0,residential
,208,2704829974.0,,,0,,primary,0,-111.9262833,33.4283177,,,,0.0,0.0,,
,209,2714317917.0,traffic_signals,,1,,unclassified,0,-111.9293051,33.4287835,10.0,,,0.0,0.0,,
,210,2714317919.0,,,0,,secondary,0,-111.9297937,33.4287965,,,,0.0,0.0,,
,211,2714317928.0,traffic_signals,,1,,primary,0,-111.9262837,33.4288957,8.0,,,0.0,0.0,,
,212,2714317933.0,,,0,,secondary,0,-111.9239819,33.4289759,,,,0.0,0.0,,
,213,2714317936.0,traffic_signals,,1,,secondary,0,-111.9312478,33.4291369,,,,0.0,0.0,,
,214,2714317943.0,,,0,,tertiary,0,-111.9425485,33.4291402,,,,0.0,0.0,,
,215,2714317949.0,,,0,,secondary,0,-111.9232919,33.4292614,,,,0.0,0.0,,
,216,2714317962.0,traffic_signals,,1,,unclassified,0,-111.9179198,33.4293372,9.0,,,0.0,0.0,,
,217,2714317963.0,,,0,,secondary,0,-111.9196471,33.4293489,,,,0.0,0.0,,
,218,2714317971.0,,,0,,unclassified,0,-111.9211588,33.4293611,,,,0.0,0.0,,
,219,2714317975.0,,,0,,secondary,0,-111.9428674,33.4293722,,,,0.0,0.0,,
,220,2714317987.0,,,0,,secondary,0,-111.9426236,33.4294744,,,,0.0,0.0,,
,221,2714317997.0,,,0,,secondary,0,-111.9322313,33.4294306,,,,0.0,0.0,,
,222,2714318003.0,,,0,,secondary,0,-111.941344,33.4294485,,,,0.0,0.0,,
,223,2714318007.0,traffic_signals,,1,,secondary,0,-111.934056,33.4294897,,,,0.0,0.0,,
,224,2714318017.0,,,0,,secondary,0,-111.9409154,33.429599,,,,0.0,0.0,,
,225,2714318018.0,traffic_signals,,1,,secondary,0,-111.9339783,33.4296433,,,,0.0,0.0,,
,226,2714318022.0,traffic_signals,,1,,secondary,0,-111.9400919,33.4296678,3.0,,,0.0,0.0,,
,227,2714318023.0,traffic_signals,,1,,primary,0,-111.9399677,33.4296814,3.0,,,0.0,0.0,,
,228,2714318026.0,,,0,,secondary,0,-111.9343207,33.4298487,,,,0.0,0.0,,
,229,2714318030.0,,,0,,secondary,0,-111.9349285,33.4300573,,,,0.0,0.0,,
,230,2822050829.0,crossing,,0,,primary,0,-111.926407,33.4218739,,,,0.0,0.0,,
,231,2822050830.0,crossing,,0,,primary,0,-111.9262412,33.421881,,,,0.0,0.0,,
,232,2860653270.0,traffic_signals,,1,,residential,0,-111.9366619,33.4219911,2.0,,,15.0,15.0,12.0,residential
,233,2916726375.0,traffic_signals,,1,,residential,0,-111.9381452,33.4219872,11.0,,,15.0,15.0,12.0,residential
,234,2941419916.0,traffic_signals,,1,,primary,0,-111.9398936,33.4218943,12.0,,,0.0,0.0,,
,235,2941419917.0,traffic_signals,,1,,primary,0,-111.9398966,33.4219821,12.0,,,0.0,0.0,,
,236,2978013673.0,,,0,,secondary,0,-111.9275425,33.4220137,,,,0.0,0.0,,
,237,2978047866.0,,,0,,secondary,0,-111.9248832,33.4220294,,,,0.0,0.0,,
,238,3101265422.0,,,0,,tertiary,0,-111.9434283,33.4295304,,,,0.0,0.0,,
,239,3101265424.0,,,0,,primary,0,-111.9399748,33.4301976,,,,0.0,0.0,,
,240,3101265426.0,,,0,,residential,0,-111.9412674,33.4261177,,,,15.0,15.0,6.0,residential
,241,3101265427.0,,,0,,residential,0,-111.9412736,33.4254885,,,,15.0,15.0,6.0,residential
,242,3101265641.0,,,0,,residential,0,-111.9412665,33.4243385,,,,15.0,15.0,11.0,residential
,243,3299517573.0,,,0,,residential,0,-111.9442762,33.426894,,,,15.0,15.0,6.0,residential
,244,3613374067.0,,,0,,residential,0,-111.9366173,33.4190676,,,,15.0,15.0,17.0,residential
,245,3642940510.0,,,0,,tertiary,0,-111.938161,33.4254954,,,,0.0,0.0,,
,246,3712803330.0,,,0,,residential,0,-111.9381205,33.4205221,,,,15.0,15.0,17.0,residential
,247,3847453687.0,,,0,,residential,0,-111.9435652,33.4189718,,,,15.0,15.0,16.0,residential
,248,4277534305.0,traffic_signals,,1,,secondary,0,-111.9312927,33.4290308,,,,0.0,0.0,,
,249,4346523219.0,,,0,,secondary,0,-111.9430423,33.429831,,,,0.0,0.0,,
,250,4346569403.0,,,0,,secondary,0,-111.939969,33.4151097,,,,0.0,0.0,,
,251,4346575417.0,,,0,,primary,0,-111.9400269,33.417428,,,,0.0,0.0,,
,252,4346577513.0,,,0,,primary,0,-111.9398502,33.4186881,,,,0.0,0.0,,
,253,4346577514.0,,,0,,primary,0,-111.9398505,33.4187373,,,,0.0,0.0,,
,254,4346577515.0,,,0,,primary,0,-111.9398606,33.4193366,,,,0.0,0.0,,
,255,4346577516.0,,,0,,primary,0,-111.9400338,33.4194368,,,,0.0,0.0,,
,256,4346577517.0,,,0,,primary,0,-111.9398661,33.4195538,,,,0.0,0.0,,
,257,4346577518.0,,,0,,primary,0,-111.9398665,33.419777,,,,0.0,0.0,,
,258,4346577519.0,,,0,,primary,0,-111.9398722,33.4200156,,,,0.0,0.0,,
,259,4346577520.0,,,0,,primary,0,-111.9398812,33.4202361,,,,0.0,0.0,,
,260,4346577521.0,,,0,,primary,0,-111.939894,33.4211696,,,,0.0,0.0,,
,261,4346577522.0,,,0,,primary,0,-111.9398957,33.4212893,,,,0.0,0.0,,
,262,4346581618.0,,,0,,primary,0,-111.9400741,33.4225274,,,,0.0,0.0,,
,263,4346581619.0,,,0,,primary,0,-111.9400646,33.4234469,,,,0.0,0.0,,
,264,4346581620.0,,,0,,primary,0,-111.9399588,33.4240116,,,,0.0,0.0,,
,265,4346581621.0,,,0,,primary,0,-111.9400789,33.424691,,,,0.0,0.0,,
,266,4346581622.0,,,0,,primary,0,-111.939958,33.4251292,,,,0.0,0.0,,
,267,4346581623.0,,,0,,primary,0,-111.9400785,33.4260353,,,,0.0,0.0,,
,268,4346586751.0,,,0,,primary,0,-111.9399634,33.422988,,,,0.0,0.0,,
,269,4346586752.0,,,0,,primary,0,-111.9399637,33.426342,,,,0.0,0.0,,
,270,4346586753.0,,,0,,primary,0,-111.939964,33.4270359,,,,0.0,0.0,,
,271,4346586754.0,,,0,,primary,0,-111.9400691,33.4277606,,,,0.0,0.0,,
,272,4346586755.0,,,0,,primary,0,-111.9399618,33.4281865,,,,0.0,0.0,,
,273,4346586756.0,,,0,,primary,0,-111.9399616,33.4284311,,,,0.0,0.0,,
,274,4346586758.0,,,0,,primary,0,-111.9399832,33.4290713,,,,0.0,0.0,,
,275,4346586759.0,,,0,,primary,0,-111.9399845,33.4292269,,,,0.0,0.0,,
,276,4346605143.0,,,0,,primary,0,-111.9439222,33.4218959,,,,0.0,0.0,,
,277,4346605144.0,,,0,,primary,0,-111.9446584,33.4218949,,,,0.0,0.0,,
,278,4346605153.0,,,0,,primary,0,-111.9428734,33.4219273,,,,0.0,0.0,,
,279,4346605154.0,,,0,,primary,0,-111.9417462,33.4219298,,,,0.0,0.0,,
,280,4346605155.0,,,0,,primary,0,-111.9407478,33.4219322,,,,0.0,0.0,,
,281,4346605156.0,,,0,,primary,0,-111.9407009,33.4219324,,,,0.0,0.0,,
,282,4346605157.0,,,0,,secondary,0,-111.9390184,33.4219833,,,,0.0,0.0,,
,283,4346605160.0,,,0,,secondary,0,-111.9273877,33.4220144,,,,0.0,0.0,,
,284,4346605161.0,,,0,,secondary,0,-111.9295985,33.4220148,,,,0.0,0.0,,
,285,4346605163.0,,,0,,secondary,0,-111.9285987,33.4220169,,,,0.0,0.0,,
,286,4346605164.0,,,0,,secondary,0,-111.9271825,33.4220171,,,,0.0,0.0,,
,287,4346605165.0,,,0,,secondary,0,-111.9181401,33.4220184,,,,0.0,0.0,,
,288,4346605166.0,,,0,,secondary,0,-111.9254096,33.4220303,,,,0.0,0.0,,
,289,4346611232.0,,,0,,secondary,0,-111.9272141,33.4288263,,,,0.0,0.0,,
,290,4346611233.0,,,0,,secondary,0,-111.9253831,33.4288338,,,,0.0,0.0,,
,291,4346611234.0,,,0,,secondary,0,-111.9284571,33.4288722,,,,0.0,0.0,,
,292,4346611235.0,,,0,,secondary,0,-111.9279262,33.428948,,,,0.0,0.0,,
,293,4346613073.0,,,0,,secondary,0,-111.9300918,33.4286969,,,,0.0,0.0,,
,294,4346613074.0,,,0,,secondary,0,-111.9332589,33.42946,,,,0.0,0.0,,
,295,4346613075.0,,,0,,secondary,0,-111.9333493,33.4294743,,,,0.0,0.0,,
,296,4346614526.0,,,0,,secondary,0,-111.9391291,33.4297717,,,,0.0,0.0,,
,297,4346614527.0,,,0,,secondary,0,-111.9345889,33.429813,,,,0.0,0.0,,
,298,4346614528.0,,,0,,secondary,0,-111.9346717,33.4298726,,,,0.0,0.0,,
,299,4346615106.0,,,0,,secondary,0,-111.9406832,33.4295107,,,,0.0,0.0,,
,300,4346615107.0,,,0,,secondary,0,-111.9420775,33.4295382,,,,0.0,0.0,,
,301,4346615108.0,,,0,,secondary,0,-111.9417837,33.4295365,,,,0.0,0.0,,
,302,4346615109.0,,,0,,secondary,0,-111.9431442,33.4297815,,,,0.0,0.0,,
,303,4346622267.0,,,0,,secondary,0,-111.9186041,33.4292126,,,,0.0,0.0,,
,304,4346622268.0,,,0,,secondary,0,-111.9217497,33.4292597,,,,0.0,0.0,,
,305,4347879971.0,,,0,,primary,0,-111.9262936,33.4155005,,,,0.0,0.0,,
,306,4347879972.0,,,0,,primary,0,-111.9263066,33.4163725,,,,0.0,0.0,,
,307,4347879974.0,,,0,,primary,0,-111.9263004,33.4173778,,,,0.0,0.0,,
,308,4347879975.0,,,0,,primary,0,-111.9263,33.4175412,,,,0.0,0.0,,
,309,4347879977.0,,,0,,primary,0,-111.9262955,33.4184244,,,,0.0,0.0,,
,310,4347879978.0,,,0,,primary,0,-111.9262944,33.4185822,,,,0.0,0.0,,
,311,4347879979.0,,,0,,primary,0,-111.9262872,33.419546,,,,0.0,0.0,,
,312,4347879980.0,,,0,,primary,0,-111.9263916,33.4208903,,,,0.0,0.0,,
,313,4347879981.0,,,0,,primary,0,-111.9262395,33.4214276,,,,0.0,0.0,,
,314,4347879983.0,,,0,,primary,0,-111.9264012,33.4227473,,,,0.0,0.0,,
,315,4347879985.0,,,0,,primary,0,-111.9262248,33.4242002,,,,0.0,0.0,,
,316,4347879986.0,,,0,,primary,0,-111.926379,33.4250061,,,,0.0,0.0,,
,317,4347879988.0,,,0,,primary,0,-111.9262931,33.4294787,,,,0.0,0.0,,
,318,4636339213.0,,,0,,residential,0,-111.9389314,33.4205069,,,,15.0,15.0,17.0,residential
,319,4636339233.0,,,0,,residential,0,-111.9397193,33.4204945,,,,15.0,15.0,16.0,residential
,320,4716102663.0,,,0,,residential,0,-111.9277064,33.4186462,,,,15.0,15.0,19.0,residential
,321,4716137945.0,,,0,,residential,0,-111.9326901,33.4173693,,,,15.0,15.0,23.0,residential
,322,4716137948.0,,,0,,residential,0,-111.9313904,33.4174105,,,,15.0,15.0,23.0,residential
,323,4716137951.0,,,0,,residential,0,-111.9301745,33.4173982,,,,15.0,15.0,23.0,residential
,324,4716137952.0,,,0,,residential,0,-111.9313989,33.4183647,,,,15.0,15.0,18.0,residential
,325,5013817163.0,traffic_signals,,1,,secondary,0,-111.9179287,33.4291956,9.0,,,0.0,0.0,,
,326,5013837645.0,traffic_signals,,1,,secondary,0,-111.926243,33.4220288,7.0,,,0.0,0.0,,
,327,5080816830.0,,,0,,residential,0,-111.9414555,33.4238427,,,,15.0,15.0,11.0,residential
,328,5080817378.0,,,0,,residential,0,-111.9416982,33.4236367,,,,15.0,15.0,11.0,residential
,329,5133355428.0,,,0,,primary,0,-111.9263688,33.4275117,,,,0.0,0.0,,
,330,5133355429.0,,,0,,primary,0,-111.9262149,33.4275095,,,,0.0,0.0,,
,331,5162833626.0,,,0,,tertiary,0,-111.9433518,33.4260281,,,,0.0,0.0,,
,332,5162833627.0,,,0,,tertiary,0,-111.9430789,33.4272077,,,,0.0,0.0,,
,333,5162833628.0,,,0,,tertiary,0,-111.9425545,33.4279426,,,,0.0,0.0,,
,334,5162981682.0,,,0,,secondary,0,-111.9381867,33.4300134,,,,0.0,0.0,,
,335,5165002575.0,,,0,,secondary,0,-111.9305333,33.4289205,,,,0.0,0.0,,
,336,5176314770.0,traffic_signals,,1,,secondary,0,-111.9307663,33.4220474,14.0,,,0.0,0.0,,
,337,5199796535.0,,,0,,tertiary,0,-111.9448055,33.4291415,,,,0.0,0.0,,
,338,5200239418.0,,,0,,tertiary,0,-111.9423987,33.4224828,,,,0.0,0.0,,
,339,5200239419.0,,,0,,tertiary,0,-111.9433507,33.4249452,,,,0.0,0.0,,
,340,5200239623.0,,,0,,tertiary,0,-111.9349498,33.4155051,,,,0.0,0.0,,
,341,5200239624.0,,,0,,residential,0,-111.9349531,33.4160981,,,,15.0,15.0,22.0,residential
,342,5201685460.0,,,0,,tertiary,0,-111.921125,33.4154858,,,,0.0,0.0,,
,343,5201685461.0,,,0,,tertiary,0,-111.9254719,33.4195877,,,,0.0,0.0,,
,344,5201685462.0,,,0,,tertiary,0,-111.9305745,33.4152628,,,,0.0,0.0,,
,345,5201685464.0,,,0,,tertiary,0,-111.928844,33.4180457,,,,0.0,0.0,,
,346,5201685465.0,,,0,,tertiary,0,-111.9288801,33.4195869,,,,0.0,0.0,,
,347,5201685466.0,,,0,,tertiary,0,-111.9289065,33.4200493,,,,0.0,0.0,,
,348,5201685467.0,,,0,,tertiary,0,-111.9289618,33.4208697,,,,0.0,0.0,,
,349,5201685468.0,,,0,,tertiary,0,-111.9289364,33.4215873,,,,0.0,0.0,,
,350,5201685469.0,,,0,,tertiary,0,-111.9293204,33.422626,,,,0.0,0.0,,
,351,5201685470.0,,,0,,tertiary,0,-111.9295097,33.4227418,,,,0.0,0.0,,
,352,5201685471.0,,,0,,tertiary,0,-111.9290413,33.4223935,,,,0.0,0.0,,
,353,5201685472.0,,,0,,tertiary,0,-111.9291136,33.4224748,,,,0.0,0.0,,
,354,5201685473.0,,,0,,tertiary,0,-111.9339446,33.4251998,,,,0.0,0.0,,
,355,5201685474.0,,,0,,tertiary,0,-111.9358356,33.4255093,,,,0.0,0.0,,
,356,5258562214.0,,,0,,tertiary,0,-111.9432267,33.4242548,,,,0.0,0.0,,
,357,5261052473.0,,,0,,footway,0,-111.9313563,33.420664,,,,0.0,0.0,,
,358,5261052478.0,,,0,,footway,0,-111.9316996,33.4207468,,,,0.0,0.0,,
,359,5261052480.0,,,0,,footway,0,-111.9317273,33.4218424,,,,0.0,0.0,,
,360,5261052481.0,,,0,,footway,0,-111.9316969,33.4202848,,,,0.0,0.0,,
,361,5261052497.0,,,0,,secondary,0,-111.9339909,33.4220122,,,,0.0,0.0,,
,362,5280009872.0,crossing;traffic_signals,,1,,tertiary,0,-111.9288549,33.4184369,,,,0.0,0.0,,
,363,5333539971.0,,,0,,residential,0,-111.936655,33.4174833,,,,15.0,15.0,22.0,residential
,364,5333539972.0,traffic_signals,,1,,residential,0,-111.9366276,33.4162059,,,,15.0,15.0,22.0,residential
,365,5333560369.0,,,0,,residential,0,-111.9366549,33.4176535,,,,15.0,15.0,22.0,residential
,366,5343247775.0,,,0,,footway,0,-111.9317292,33.4215199,,,,0.0,0.0,,
,367,5343247776.0,,,0,,footway,0,-111.9317246,33.4212406,,,,0.0,0.0,,
,368,5414658105.0,,,0,,residential,0,-111.9278714,33.4202692,,,,15.0,15.0,19.0,residential
,369,5618898812.0,,,0,,secondary,0,-111.9228964,33.4220263,,,,0.0,0.0,,
,370,5634899228.0,,,0,,residential,0,-111.9449232,33.4294451,,,,15.0,15.0,1.0,residential
,371,5634899237.0,,,0,,residential,0,-111.9445362,33.4301978,,,,15.0,15.0,1.0,residential
,372,5665460110.0,,,0,,primary,0,-111.9430383,33.4219283,,,,0.0,0.0,,
,373,5986666325.0,,,0,,service,0,-111.9407231,33.4213245,,,,0.0,0.0,,
,374,6149033508.0,,,0,,rail,0,-111.9435704,33.4218532,,,,0.0,0.0,,
,375,6283476083.0,,,0,,unclassified,0,-111.919633,33.4299964,,,,0.0,0.0,,
,376,6283476285.0,,,0,,unclassified,0,-111.919635,33.4295616,,,,0.0,0.0,,
,377,6283476293.0,,,0,,unclassified,0,-111.9179144,33.4294474,,,,0.0,0.0,,
,378,6283476296.0,,,0,,unclassified,0,-111.9180887,33.4301945,,,,0.0,0.0,,
,379,6453652434.0,,,0,,residential,0,-111.9446893,33.4254741,,,,15.0,15.0,6.0,residential
,380,6678068362.0,,,0,,tertiary,0,-111.9289516,33.4212032,,,,0.0,0.0,,
,381,6768507045.0,,,0,,tram,0,-111.9400587,33.4218307,,,,0.0,0.0,,
,382,6786314013.0,,,0,,tertiary,0,-111.936319,33.4255035,,,,0.0,0.0,,
,383,6796038632.0,,,0,,residential,0,-111.9377644,33.4242905,,,,15.0,15.0,12.0,residential
,384,7125038250.0,,,0,,residential,0,-111.9412594,33.4264482,,,,15.0,15.0,6.0,residential
,385,7232395835.0,,,0,,residential,0,-111.9192909,33.4209657,,,,15.0,15.0,20.0,residential
,386,7232395849.0,,,0,,residential,0,-111.921426,33.4213406,,,,15.0,15.0,15.0,residential
,387,7237092615.0,,,0,,residential,0,-111.9398947,33.419057,,,,15.0,15.0,16.0,residential
,388,7237092616.0,,,0,,residential,0,-111.939915,33.4204911,,,,15.0,15.0,16.0,residential
,389,7237092617.0,,,0,,residential,0,-111.9399806,33.4190558,,,,15.0,15.0,16.0,residential
,390,7237092618.0,,,0,,residential,0,-111.9399908,33.4204925,,,,15.0,15.0,16.0,residential
,391,7237092623.0,,,0,,secondary,0,-111.9395272,33.4160342,,,,0.0,0.0,,
,392,7237092624.0,,,0,,tram,0,-111.9398778,33.4176221,,,,0.0,0.0,,
,393,7237092625.0,,,0,,residential,0,-111.9398726,33.4174547,,,,15.0,15.0,21.0,residential
,394,7237092628.0,,,0,,secondary,0,-111.9395692,33.4159864,,,,0.0,0.0,,
,395,7237092629.0,,,0,,tram,0,-111.9399588,33.4176243,,,,0.0,0.0,,
,396,7237092630.0,,,0,,residential,0,-111.9399592,33.4174561,,,,15.0,15.0,21.0,residential
,397,7264975962.0,,,0,,residential,0,-111.9423293,33.4204753,,,,15.0,15.0,16.0,residential
,398,7264975967.0,,,0,,residential,0,-111.9424218,33.4204698,,,,15.0,15.0,16.0,residential
,399,7264975968.0,,,0,,residential,0,-111.9411873,33.4204889,,,,15.0,15.0,16.0,residential
,400,7264975984.0,,,0,,residential,0,-111.9423295,33.4204704,,,,15.0,15.0,16.0,residential
,401,7265020285.0,,,0,,residential,0,-111.9412797,33.4204834,,,,15.0,15.0,16.0,residential
,402,7265020286.0,,,0,,residential,0,-111.9411875,33.4204825,,,,15.0,15.0,16.0,residential
,403,7265020287.0,,,0,,residential,0,-111.9412313,33.4204449,,,,15.0,15.0,16.0,residential
,404,7265020288.0,,,0,,residential,0,-111.94123,33.4205223,,,,15.0,15.0,16.0,residential
,405,7265020297.0,,,0,,residential,0,-111.9423734,33.4204313,,,,15.0,15.0,16.0,residential
,406,7590687545.0,,,0,,rail,0,-111.943615,33.425529,,,,0.0,0.0,,
,407,7590687546.0,,,0,,rail,0,-111.9435719,33.425529,,,,0.0,0.0,,
,408,7590688339.0,,,0,,residential,0,-111.944695,33.4254749,,,,15.0,15.0,6.0,residential
,409,8019704786.0,,,0,,secondary,0,-111.942523,33.429252,,,,0.0,0.0,,
,410,8019704799.0,,,0,,secondary,0,-111.9427707,33.4291942,,,,0.0,0.0,,
,411,8019704805.0,,,0,,tertiary,0,-111.9427017,33.4291063,,,,0.0,0.0,,
,412,8019704881.0,,,0,,tram,0,-111.9402329,33.429636,,,,0.0,0.0,,
,413,8019704902.0,,,0,,tram,0,-111.931709,33.4292549,,,,0.0,0.0,,
,414,8019704904.0,,,0,,tram,0,-111.9320664,33.4293355,,,,0.0,0.0,,
,415,8019704908.0,,,0,,tram,0,-111.9332814,33.4293456,,,,0.0,0.0,,
,416,8019704956.0,,,0,,tram,0,-111.9385087,33.4299567,,,,0.0,0.0,,
,417,8019704974.0,,,0,,tram,0,-111.9399568,33.4293394,,,,0.0,0.0,,
,418,8019704988.0,,,0,,light_rail,0,-111.9399856,33.4275267,,,,0.0,0.0,,
,419,8019704989.0,,,0,,light_rail,0,-111.9399843,33.4274909,,,,0.0,0.0,,
,420,8019705071.0,,,0,,light_rail,0,-111.9427385,33.4277461,,,,0.0,0.0,,
,421,8019705072.0,,,0,,light_rail,0,-111.942717,33.4277836,,,,0.0,0.0,,
,422,8022891687.0,,,0,,secondary,0,-111.9430096,33.4296326,,,,0.0,0.0,,
,423,8122988904.0,,,0,,primary,0,-111.9263941,33.4233419,,,,0.0,0.0,,
,424,8122988905.0,,,0,,unclassified,0,-111.9275107,33.4233377,,,,0.0,0.0,,
,425,8269005064.0,traffic_signals,,1,,secondary,0,-111.9307627,33.421952,14.0,,,0.0,0.0,,
,426,8269005069.0,,,0,,secondary,0,-111.9339932,33.4219122,,,,0.0,0.0,,
,427,8269005072.0,traffic_signals,,1,,secondary,0,-111.9349485,33.421897,15.0,,,0.0,0.0,,
,428,,,,0,,tertiary,0,-111.9178,33.4194389,,,boundary node created by osm2gmns,0.0,0.0,,
,429,,,,0,,residential,0,-111.9366102,33.415,,,boundary node created by osm2gmns,15.0,15.0,22.0,residential
,430,,,,0,,tertiary,0,-111.9204042,33.415,,,boundary node created by osm2gmns,0.0,0.0,,
,431,,,,0,,residential,0,-111.9178,33.4166722,,,boundary node created by osm2gmns,15.0,15.0,25.0,residential
,432,,,,0,,primary,0,-111.9381583,33.415,,,boundary node created by osm2gmns,0.0,0.0,,
,433,,,,0,,residential,0,-111.945,33.4264311,,,boundary node created by osm2gmns,15.0,15.0,6.0,residential
,434,,,,0,,residential,0,-111.9327989,33.415,,,boundary node created by osm2gmns,15.0,15.0,23.0,residential
,435,,,,0,,secondary,0,-111.9381327,33.4302,,,boundary node created by osm2gmns,0.0,0.0,,
,436,,,,0,,primary,0,-111.9262862,33.415,,,boundary node created by osm2gmns,0.0,0.0,,
,437,,,,0,,secondary,0,-111.9348857,33.4302,,,boundary node created by osm2gmns,0.0,0.0,,
,438,,,,0,,tertiary,0,-111.9306021,33.415,,,boundary node created by osm2gmns,0.0,0.0,,
,439,,,,0,,primary,0,-111.9399749,33.4302,,,boundary node created by osm2gmns,0.0,0.0,,
,440,,,,0,,residential,0,-111.9447336,33.4302,,,boundary node created by osm2gmns,15.0,15.0,1.0,residential
,441,,,,0,,poi,0,-111.9280358,33.42506281,,0.0,,4.762276878,113.8184174,9.0,poi
,442,,,,0,,poi,0,-111.9287466,33.42550819,,1.0,,10.08438474,241.0167952,8.0,poi
,443,,,,0,,poi,0,-111.9324938,33.42483616,,2.0,,5.018242668,119.9359998,8.0,poi
,444,,,,0,,poi,0,-111.9310035,33.42451078,,3.0,,101.1954505,101.1954505,8.0,poi
,445,,,,0,,poi,0,-111.9375866,33.42619086,,4.0,,6.893961694,6.893961694,7.0,poi
,446,,,,0,,poi,0,-111.9331086,33.42402752,,5.0,,11.39521374,272.3456085,13.0,poi
,447,,,,0,,poi,0,-111.9338446,33.416548,,6.0,,18.95395455,18.95395455,23.0,poi
,448,,,,0,,poi,0,-111.9344966,33.41656418,,7.0,,40.53710184,40.53710184,22.0,poi
,449,,,,0,,poi,0,-111.935525,33.41649295,,8.0,,16.96844363,16.96844363,22.0,poi
,450,,,,0,,poi,0,-111.9362788,33.41696009,,9.0,,55.84682688,55.84682688,22.0,poi
,451,,,,0,,poi,0,-111.9356364,33.41721035,,10.0,,24.16653962,24.16653962,22.0,poi
,452,,,,0,,poi,0,-111.9354974,33.41762575,,11.0,,20.18190144,20.18190144,22.0,poi
,453,,,,0,,poi,0,-111.9361688,33.41794461,,12.0,,22.96087401,22.96087401,22.0,poi
,454,,,,0,,poi,0,-111.9378256,33.4179253,,13.0,,7.828161478,7.828161478,22.0,poi
,455,,,,0,,poi,0,-111.9372563,33.41888297,,14.0,,31.68771437,31.68771437,17.0,poi
,456,,,,0,,poi,0,-111.9390415,33.41804777,,15.0,,61.6981424,61.6981424,22.0,poi
,457,,,,0,,poi,0,-111.9384161,33.41868555,,16.0,,66.50595062,66.50595062,17.0,poi
,458,,,,0,,poi,0,-111.9393999,33.4194169,,17.0,,10.54524156,10.54524156,17.0,poi
,459,,,,0,,poi,0,-111.9377832,33.42020245,,18.0,,3.29999965,78.86999165,17.0,poi
,460,,,,0,,poi,0,-111.937336,33.41937245,,19.0,,64.57490509,64.57490509,17.0,poi
,461,,,,0,,poi,0,-111.9371207,33.41986118,,20.0,,38.45627651,38.45627651,17.0,poi
,462,,,,0,,poi,0,-111.9369019,33.42032503,,21.0,,7.989081938,7.989081938,17.0,poi
,463,,,,0,,poi,0,-111.9373196,33.42050895,,22.0,,16.59832657,16.59832657,17.0,poi
,464,,,,0,,poi,0,-111.9378201,33.42093106,,23.0,,15.079485,15.079485,17.0,poi
,465,,,,0,,poi,0,-111.9375169,33.42158481,,24.0,,10.6058962,10.6058962,12.0,poi
,466,,,,0,,poi,0,-111.9378248,33.421633,,25.0,,6.751232242,6.751232242,12.0,poi
,467,,,,0,,poi,0,-111.9370509,33.42154725,,26.0,,32.96517525,32.96517525,12.0,poi
,468,,,,0,,poi,0,-111.9370487,33.42101945,,27.0,,20.04326228,20.04326228,17.0,poi
,469,,,,0,,poi,0,-111.9343609,33.4176835,,28.0,,8.826729445,8.826729445,22.0,poi
,470,,,,0,,poi,0,-111.9345787,33.41902321,,29.0,,68.07801973,68.07801973,17.0,poi
,471,,,,0,,poi,0,-111.9352842,33.41886246,,30.0,,66.87643365,0.819564138,17.0,poi
,472,,,,0,,poi,0,-111.9353135,33.41852355,,31.0,,1.756508719,1.756508719,17.0,poi
,473,,,,0,,poi,0,-111.9359876,33.4185275,,32.0,,16.55376398,16.55376398,17.0,poi
,474,,,,0,,poi,0,-111.9358671,33.41911558,,33.0,,16.61070507,16.61070507,17.0,poi
,475,,,,0,,poi,0,-111.9362726,33.41911671,,34.0,,13.0147517,13.0147517,17.0,poi
,476,,,,0,,poi,0,-111.936137,33.42011906,,35.0,,9.880516273,9.880516273,17.0,poi
,477,,,,0,,poi,0,-111.9354903,33.41995161,,36.0,,26.68308805,26.68308805,17.0,poi
,478,,,,0,,poi,0,-111.9363861,33.42054253,,37.0,,10.57494995,10.57494995,17.0,poi
,479,,,,0,,poi,0,-111.9362692,33.42100399,,38.0,,9.195985392,9.195985392,17.0,poi
,480,,,,0,,poi,0,-111.9344444,33.4222825,,39.0,,41.39864523,41.39864523,12.0,poi
,481,,,,0,,poi,0,-111.9306065,33.41903706,,40.0,,56.69104038,56.69104038,18.0,poi
,482,,,,0,,poi,0,-111.9314524,33.41892513,,41.0,,35.4247826,35.4247826,18.0,poi
,483,,,,0,,poi,0,-111.9313943,33.41787961,,42.0,,1.671204729,39.94179302,23.0,poi
,484,,,,0,,poi,0,-111.9295619,33.42064251,,43.0,,24.75823177,24.75823177,18.0,poi
,485,,,,0,,poi,0,-111.9295954,33.42103853,,44.0,,34.52981727,34.52981727,18.0,poi
,486,,,,0,,poi,0,-111.9330756,33.41784826,,45.0,,50.27155185,50.27155185,23.0,poi
,487,,,,0,,poi,0,-111.932391,33.4178427,,46.0,,37.84354091,37.84354091,23.0,poi
,488,,,,0,,poi,0,-111.9318601,33.41779868,,47.0,,50.24927056,50.24927056,23.0,poi
,489,,,,0,,poi,0,-111.9307802,33.4178386,,48.0,,76.11042641,76.11042641,23.0,poi
,490,,,,0,,poi,0,-111.9297223,33.41708848,,49.0,,335.8402045,4.115688781,23.0,poi
,491,,,,0,,poi,0,-111.9294615,33.41780754,,50.0,,54.80827099,54.80827099,23.0,poi
,492,,,,0,,poi,0,-111.9272285,33.41766904,,51.0,,18.6851797,446.5757949,24.0,poi
,493,,,,0,,poi,0,-111.934572,33.42093011,,52.0,,32.65818853,32.65818853,17.0,poi
,494,,,,0,,poi,0,-111.9335621,33.41909335,,53.0,,3.076217953,3.076217953,18.0,poi
,495,,,,0,,poi,0,-111.9338194,33.41952267,,54.0,,20.45670408,20.45670408,18.0,poi
,496,,,,0,,poi,0,-111.9337502,33.420015,,55.0,,16.24058801,16.24058801,18.0,poi
,497,,,,0,,poi,0,-111.9321004,33.42007455,,56.0,,29.60193763,29.60193763,18.0,poi
,498,,,,0,,poi,0,-111.9313689,33.41976094,,57.0,,28.79362178,28.79362178,18.0,poi
,499,,,,0,,poi,0,-111.9321261,33.41862782,,58.0,,24.79165371,24.79165371,18.0,poi
,500,,,,0,,poi,0,-111.9323717,33.4187934,,59.0,,6.587836082,6.587836082,18.0,poi
,501,,,,0,,poi,0,-111.9322365,33.4189616,,60.0,,20.70922541,20.70922541,18.0,poi
,502,,,,0,,poi,0,-111.9321958,33.4191301,,61.0,,14.98912197,14.98912197,18.0,poi
,503,,,,0,,poi,0,-111.9322387,33.4193092,,62.0,,22.98439316,22.98439316,18.0,poi
,504,,,,0,,poi,0,-111.9321958,33.4194919,,63.0,,15.70707479,15.70707479,18.0,poi
,505,,,,0,,poi,0,-111.9322387,33.4196638,,64.0,,20.59534324,20.59534324,18.0,poi
,506,,,,0,,poi,0,-111.9295583,33.41987399,,65.0,,27.54586929,27.54586929,18.0,poi
,507,,,,0,,poi,0,-111.9355015,33.42060001,,66.0,,17.31751725,17.31751725,17.0,poi
,508,,,,0,,poi,0,-111.9284122,33.41744602,,67.0,,3.251346775,77.70718793,24.0,poi
,509,,,,0,,poi,0,-111.9282766,33.42071838,,68.0,,5.970848738,142.7032848,19.0,poi
,510,,,,0,,poi,0,-111.937249,33.41545225,,69.0,,11.44182148,273.4595333,22.0,poi
,511,,,,0,,poi,0,-111.9388847,33.41690957,,70.0,,10.80201464,258.16815,22.0,poi
,512,,,,0,,poi,0,-111.9353223,33.4215124,,71.0,,13.56727399,1.159596067,12.0,poi
,513,,,,0,,poi,0,-111.9355421,33.42106025,,72.0,,16.53024484,16.53024484,17.0,poi
,514,,,,0,,poi,0,-111.9361905,33.42150837,,73.0,,1.830618242,1.830618242,12.0,poi
,515,,,,0,,poi,0,-111.9363509,33.42170448,,74.0,,5.609934822,5.609934822,12.0,poi
,516,,,,0,,poi,0,-111.9339623,33.42056559,,75.0,,14.72917353,14.72917353,18.0,poi
,517,,,,0,,poi,0,-111.9335481,33.42096524,,76.0,,7.354065044,7.354065044,18.0,poi
,518,,,,0,,poi,0,-111.9330655,33.42136341,,77.0,,25.55169342,25.55169342,13.0,poi
,519,,,,0,,poi,0,-111.9330453,33.42053379,,78.0,,3.694981343,3.694981343,18.0,poi
,520,,,,0,,poi,0,-111.931406,33.420992,,79.0,,25.0478886,25.0478886,18.0,poi
,521,,,,0,,poi,0,-111.9315262,33.42137257,,80.0,,9.437366082,9.437366082,13.0,poi
,522,,,,0,,poi,0,-111.9313451,33.42166135,,81.0,,22.56228641,22.56228641,13.0,poi
,523,,,,0,,poi,0,-111.9321378,33.42165032,,82.0,,27.59290757,27.59290757,13.0,poi
,524,,,,0,,poi,0,-111.9322175,33.42135453,,83.0,,18.06889201,18.06889201,13.0,poi
,525,,,,0,,poi,0,-111.932214,33.42106413,,84.0,,17.69629925,17.69629925,18.0,poi
,526,,,,0,,poi,0,-111.9321444,33.42083664,,85.0,,13.52722148,13.52722148,18.0,poi
,527,,,,0,,poi,0,-111.9323712,33.42059157,,86.0,,13.67204989,13.67204989,18.0,poi
,528,,,,0,,poi,0,-111.9319692,33.42062789,,87.0,,5.712676347,5.712676347,18.0,poi
,529,,,,0,,poi,0,-111.9309813,33.42069745,,88.0,,25.0553157,25.0553157,18.0,poi
,530,,,,0,,poi,0,-111.9304716,33.42078436,,89.0,,32.20265984,32.20265984,18.0,poi
,531,,,,0,,poi,0,-111.9294109,33.42132775,,90.0,,6.935671847,6.935671847,13.0,poi
,532,,,,0,,poi,0,-111.9295894,33.42160687,,91.0,,41.69820486,41.69820486,13.0,poi
,533,,,,0,,poi,0,-111.9284066,33.42152667,,92.0,,38.71498709,38.71498709,14.0,poi
,534,,,,0,,poi,0,-111.9283354,33.41902797,,93.0,,45.56277161,45.56277161,19.0,poi
,535,,,,0,,poi,0,-111.9343278,33.42303811,,94.0,,6.826041419,163.1423899,12.0,poi
,536,,,,0,,poi,0,-111.9347613,33.42286204,,95.0,,0.853901012,58.40682922,12.0,poi
,537,,,,0,,poi,0,-111.9380136,33.41625986,,96.0,,5.202413175,320.9888929,22.0,poi
,538,,,,0,,poi,0,-111.9325418,33.41555798,,97.0,,103.2787515,103.2787515,23.0,poi
,539,,,,0,,poi,0,-111.9357611,33.41512628,,98.0,,39.00464392,39.00464392,22.0,poi
,540,,,,0,,poi,0,-111.9361294,33.4154285,,99.0,,8.911279962,8.911279962,22.0,poi
,541,,,,0,,poi,0,-111.9361375,33.4159137,,100.0,,9.604475791,9.604475791,22.0,poi
,542,,,,0,,poi,0,-111.9361098,33.4156697,,101.0,,10.1949301,10.1949301,22.0,poi
,543,,,,0,,poi,0,-111.9358475,33.41567005,,102.0,,2.902757537,2.902757537,22.0,poi
,544,,,,0,,poi,0,-111.9352477,33.41568405,,103.0,,0.610959554,0.610959554,22.0,poi
,545,,,,0,,poi,0,-111.9300158,33.41503651,,104.0,,17.22467852,17.22467852,23.0,poi
,546,,,,0,,poi,0,-111.930075,33.41539888,,105.0,,13.72651528,13.72651528,23.0,poi
,547,,,,0,,poi,0,-111.9294384,33.41513342,,106.0,,13.20538056,13.20538056,23.0,poi
,548,,,,0,,poi,0,-111.9294253,33.41548994,,107.0,,14.16471407,14.16471407,23.0,poi
,549,,,,0,,poi,0,-111.9296176,33.41579715,,108.0,,13.49751309,13.49751309,23.0,poi
,550,,,,0,,poi,0,-111.9361198,33.42472882,,109.0,,2.617567731,62.55986877,7.0,poi
,551,,,,0,,poi,0,-111.9313502,33.42243515,,110.0,,3.109478436,3.109478436,13.0,poi
,552,,,,0,,poi,0,-111.9305881,33.42284186,,111.0,,3.062440148,3.062440148,13.0,poi
,553,,,,0,,poi,0,-111.9347455,33.42386221,,112.0,,0.853901012,58.40682922,12.0,poi
,554,,,,0,,poi,0,-111.9341852,33.42380958,,113.0,,68.59172735,68.59172735,12.0,poi
,555,,,,0,,poi,0,-111.9276731,33.4248114,,114.0,,5.066518806,5.066518806,9.0,poi
,556,,,,0,,poi,0,-111.927613,33.42523755,,115.0,,8.490411065,8.490411065,9.0,poi
,557,,,,0,,poi,0,-111.9281838,33.42848975,,116.0,,9.587145896,9.587145896,4.0,poi
,558,,,,0,,poi,0,-111.9279301,33.42769638,,117.0,,30.65410987,30.65410987,4.0,poi
,559,,,,0,,poi,0,-111.9323497,33.42825132,,118.0,,13.83792175,13.83792175,3.0,poi
,560,,,,0,,poi,0,-111.9301671,33.42544621,,119.0,,0.398587602,0.398587602,8.0,poi
,561,,,,0,,poi,0,-111.9237807,33.424292,,120.0,,31.06260027,31.06260027,14.0,poi
,562,,,,0,,poi,0,-111.925024,33.4249976,,121.0,,138.4200666,138.4200666,9.0,poi
,563,,,,0,,poi,0,-111.924081,33.42555635,,122.0,,5.961484136,5.961484136,9.0,poi
,564,,,,0,,poi,0,-111.9224203,33.42456425,,123.0,,11.51571572,11.51571572,10.0,poi
,565,,,,0,,poi,0,-111.9235159,33.42534692,,124.0,,23.36688871,23.36688871,9.0,poi
,566,,,,0,,poi,0,-111.9233172,33.42624045,,125.0,,12.16187326,12.16187326,9.0,poi
,567,,,,0,,poi,0,-111.9236948,33.4265306,,126.0,,10.35213701,10.35213701,9.0,poi
,568,,,,0,,poi,0,-111.9227979,33.4268422,,127.0,,7.65486252,7.65486252,10.0,poi
,569,,,,0,,poi,0,-111.9221543,33.42797852,,128.0,,19.39958044,19.39958044,5.0,poi
,570,,,,0,,poi,0,-111.9242621,33.42349238,,129.0,,27.03835091,27.03835091,14.0,poi
,571,,,,0,,poi,0,-111.9221619,33.42297823,,130.0,,51.22345827,51.22345827,15.0,poi
,572,,,,0,,poi,0,-111.9211684,33.42324124,,131.0,,26.99502617,26.99502617,15.0,poi
,573,,,,0,,poi,0,-111.9236149,33.42841778,,132.0,,11.67163096,278.95198,4.0,poi
,574,,,,0,,poi,0,-111.9356533,33.42743657,,133.0,,0.955942883,0.955942883,7.0,poi
,575,,,,0,,poi,0,-111.9353213,33.42735962,,134.0,,0.413872355,0.413872355,7.0,poi
,576,,,,0,,poi,0,-111.9340217,33.41548602,,135.0,,14.52256027,347.0891905,23.0,poi
,577,,,,0,,poi,0,-111.9356984,33.41627613,,136.0,,1.556461444,37.19942851,22.0,poi
,578,,,,0,,poi,0,-111.9359326,33.42513726,,137.0,,27.03835091,27.03835091,7.0,poi
,579,,,,0,,poi,0,-111.9365939,33.4155674,,138.0,,0.429264747,0.429264747,22.0,poi
,580,,,,0,,poi,0,-111.9427134,33.42997045,,139.0,,1.118585569,76.5112529,1.0,poi
,581,,,,0,,poi,0,-111.9426416,33.42967149,,140.0,,0.187184402,4.473707204,1.0,poi
,582,,,,0,,poi,0,-111.9394712,33.42356136,,141.0,,3.353388646,229.3717834,12.0,poi
,583,,,,0,,poi,0,-111.9414584,33.42300639,,142.0,,2.51078974,2.51078974,11.0,poi
,584,,,,0,,poi,0,-111.9419334,33.42300193,,143.0,,4.917169549,117.5203522,11.0,poi
,585,,,,0,,poi,0,-111.9428647,33.42494546,,144.0,,37.07483624,37.07483624,6.0,poi
,586,,,,0,,poi,0,-111.9306996,33.41996116,,145.0,,44.51269833,3.804504131,18.0,poi
,587,,,,0,,poi,0,-111.9387472,33.42401699,,146.0,,41.97548319,41.97548319,12.0,poi
,588,,,,0,,poi,0,-111.9433358,33.42777123,,147.0,,1.078436183,84.11802227,1.0,poi
,589,,,,0,,poi,0,-111.9431241,33.42321209,,148.0,,4.418908137,105.6119045,11.0,poi
,590,,,,0,,poi,0,-111.9417409,33.42229433,,149.0,,60.87960083,2.984294158,11.0,poi
,591,,,,0,,poi,0,-111.938774,33.4162649,,150.0,,0.123569691,0.123569691,22.0,poi
,592,,,,0,,poi,0,-111.9247625,33.42132863,,151.0,,26.18918602,26.18918602,14.0,poi
,593,,,,0,,poi,0,-111.9384454,33.42493377,,152.0,,1.64106578,1.64106578,7.0,poi
,594,,,,0,,poi,0,-111.9283935,33.41802643,,153.0,,47.70018283,4.076938703,24.0,poi
,595,,,,0,,poi,0,-111.9295163,33.41878587,,154.0,,2.863523084,2.863523084,18.0,poi
,596,,,,0,,poi,0,-111.9295675,33.41936693,,155.0,,4.878419471,116.5942254,18.0,poi
,597,,,,0,,poi,0,-111.9390348,33.41973509,,156.0,,88.67012304,4.346574659,17.0,poi
,598,,,,0,,poi,0,-111.941918,33.42398764,,157.0,,6.091404534,29.23874177,11.0,poi
,599,,,,0,,poi,0,-111.9424313,33.42365007,,158.0,,1.276169217,1.276169217,11.0,poi
,600,,,,0,,poi,0,-111.9383609,33.42352237,,159.0,,4.947685235,4.947685235,12.0,poi
,601,,,,0,,poi,0,-111.9385643,33.42357609,,160.0,,0.253059534,0.253059534,12.0,poi
,602,,,,0,,poi,0,-111.9389177,33.42347661,,161.0,,11.20006405,11.20006405,12.0,poi
,603,,,,0,,poi,0,-111.9403003,33.42522464,,162.0,,35.2095905,0.314090905,6.0,poi
,604,,,,0,,poi,0,-111.9418549,33.42895867,,163.0,,31.44262013,31.44262013,1.0,poi
,605,,,,0,,poi,0,-111.9396537,33.42260798,,164.0,,0.401601497,27.4695424,11.0,poi
,606,,,,0,,poi,0,-111.9396398,33.4222083,,165.0,,8.105439809,8.105439809,11.0,poi
,607,,,,0,,poi,0,-111.9390497,33.42248094,,166.0,,9.429938984,9.429938984,12.0,poi
,608,,,,0,,poi,0,-111.9389767,33.42220443,,167.0,,17.81389498,17.81389498,12.0,poi
,609,,,,0,,poi,0,-111.9364445,33.4225267,,168.0,,1.598063958,1.598063958,12.0,poi
,610,,,,0,,poi,0,-111.9362394,33.42238856,,169.0,,3.270398897,3.270398897,12.0,poi
,611,,,,0,,poi,0,-111.9352566,33.42285228,,170.0,,14.20432526,14.20432526,12.0,poi
,612,,,,0,,poi,0,-111.9361322,33.42271408,,171.0,,1.442094896,1.442094896,12.0,poi
,613,,,,0,,poi,0,-111.9300864,33.42246306,,172.0,,31.65553028,31.65553028,13.0,poi
,614,,,,0,,poi,0,-111.9281519,33.41625958,,173.0,,100.6210882,100.6210882,24.0,poi
,615,,,,0,,poi,0,-111.9286558,33.41513107,,174.0,,1.993906762,1.993906762,23.0,poi
,616,,,,0,,poi,0,-111.9284176,33.41548089,,175.0,,1.957955302,1.957955302,24.0,poi
,617,,,,0,,poi,0,-111.9276634,33.41511391,,176.0,,1.686597121,1.686597121,24.0,poi
,618,,,,0,,poi,0,-111.92699,33.41525915,,177.0,,1.039578466,1.039578466,24.0,poi
,619,,,,0,,poi,0,-111.9203657,33.42324916,,178.0,,29.88540521,29.88540521,15.0,poi
,620,,,,0,,poi,0,-111.9199283,33.42240763,,179.0,,5.546804488,5.546804488,15.0,poi
,621,,,,0,,poi,0,-111.9236924,33.42245013,,180.0,,13.71166108,13.71166108,14.0,poi
,622,,,,0,,poi,0,-111.9243889,33.42242183,,181.0,,0.447563394,63.24070763,14.0,poi
,623,,,,0,,poi,0,-111.9252258,33.4223816,,182.0,,31.95632775,31.95632775,14.0,poi
,624,,,,0,,poi,0,-111.925861,33.42274102,,183.0,,21.68712667,21.68712667,14.0,poi
,625,,,,0,,poi,0,-111.9258421,33.42316225,,184.0,,9.256640027,9.256640027,14.0,poi
,626,,,,0,,poi,0,-111.9258498,33.42358047,,185.0,,13.77850497,13.77850497,14.0,poi
,627,,,,0,,poi,0,-111.9234468,33.42480248,,186.0,,44.35834386,44.35834386,9.0,poi
,628,,,,0,,poi,0,-111.9395879,33.42405919,,187.0,,19.45528367,19.45528367,11.0,poi
,629,,,,0,,poi,0,-111.9395473,33.42466144,,188.0,,24.70871778,24.70871778,7.0,poi
,630,,,,0,,poi,0,-111.9396364,33.42520426,,189.0,,14.16595192,14.16595192,6.0,poi
,631,,,,0,,poi,0,-111.9403503,33.42488971,,190.0,,33.12980926,33.12980926,6.0,poi
,632,,,,0,,poi,0,-111.9408995,33.42514468,,191.0,,20.67085207,20.67085207,6.0,poi
,633,,,,0,,poi,0,-111.9409802,33.42454723,,192.0,,10.23454129,10.23454129,6.0,poi
,634,,,,0,,poi,0,-111.9415252,33.4300788,,193.0,,0.084819614,0.084819614,1.0,poi
,635,,,,0,,poi,0,-111.9257678,33.41761739,,194.0,,1.858927326,44.42836309,24.0,poi
,636,,,,0,,poi,0,-111.9259571,33.417467,,195.0,,15.18841577,15.18841577,24.0,poi
,637,,,,0,,poi,0,-111.925469,33.41742397,,196.0,,1.529551668,7.341848006,24.0,poi
,638,,,,0,,poi,0,-111.9248578,33.417588,,197.0,,8.18342434,8.18342434,24.0,poi
,639,,,,0,,poi,0,-111.9251064,33.41716327,,198.0,,10.95373196,10.95373196,24.0,poi
,640,,,,0,,poi,0,-111.9245326,33.41715219,,199.0,,11.29785418,11.29785418,24.0,poi
,641,,,,0,,poi,0,-111.9259122,33.42166039,,200.0,,0.50450448,0.50450448,14.0,poi
,642,,,,0,,poi,0,-111.9258382,33.42135601,,201.0,,0.726241035,27.66978342,14.0,poi
,643,,,,0,,poi,0,-111.925511,33.42166841,,202.0,,3.602142615,3.602142615,14.0,poi
,644,,,,0,,poi,0,-111.9252186,33.42165295,,203.0,,3.526633784,3.526633784,14.0,poi
,645,,,,0,,poi,0,-111.925226,33.42141518,,204.0,,6.9388472,165.8384481,14.0,poi
,646,,,,0,,poi,0,-111.9243398,33.42168111,,205.0,,0.479962765,37.43709565,14.0,poi
,647,,,,0,,poi,0,-111.9242346,33.42123224,,206.0,,4.537526429,108.4468817,19.0,poi
,648,,,,0,,poi,0,-111.924967,33.4194331,,207.0,,1.199476355,1.199476355,19.0,poi
,649,,,,0,,poi,0,-111.9232557,33.41889388,,208.0,,1.044745143,1.044745143,19.0,poi
,650,,,,0,,poi,0,-111.922581,33.4193681,,209.0,,16.14774928,16.14774928,20.0,poi
,651,,,,0,,poi,0,-111.9229863,33.41915817,,210.0,,10.08352362,10.08352362,20.0,poi
,652,,,,0,,poi,0,-111.9227268,33.41927603,,211.0,,1.158627315,1.158627315,20.0,poi
,653,,,,0,,poi,0,-111.9226,33.41899402,,212.0,,19.18667029,19.18667029,20.0,poi
,654,,,,0,,poi,0,-111.9232999,33.41844745,,213.0,,15.38275817,15.38275817,19.0,poi
,655,,,,0,,poi,0,-111.9237472,33.42015834,,214.0,,4.174136814,99.76186985,19.0,poi
,656,,,,0,,poi,0,-111.9225634,33.4199575,,215.0,,0.572209477,2.746605489,20.0,poi
,657,,,,0,,poi,0,-111.9217629,33.41985065,,216.0,,1.193717663,5.729844784,20.0,poi
,658,,,,0,,poi,0,-111.9217224,33.41963443,,217.0,,0.226042118,0.226042118,20.0,poi
,659,,,,0,,poi,0,-111.9221741,33.41971439,,218.0,,0.204083741,0.204083741,20.0,poi
,660,,,,0,,poi,0,-111.9225787,33.4197939,,219.0,,0.16458019,0.16458019,20.0,poi
,661,,,,0,,poi,0,-111.9396448,33.42575915,,220.0,,1.253672644,47.76492775,6.0,poi
,662,,,,0,,poi,0,-111.9266252,33.41563175,,221.0,,1.256686539,1.256686539,24.0,poi
,663,,,,0,,poi,0,-111.9266404,33.41634264,,222.0,,1.396617374,1.396617374,24.0,poi
,664,,,,0,,poi,0,-111.9269932,33.41626726,,223.0,,1.070470889,1.070470889,24.0,poi
,665,,,,0,,poi,0,-111.9370621,33.4240404,,224.0,,1.530305142,1.530305142,12.0,poi
,666,,,,0,,poi,0,-111.933149,33.41682016,,225.0,,39.04070302,3.336812224,23.0,poi
,667,,,,0,,poi,0,-111.9272209,33.41936156,,226.0,,0.84938017,0.84938017,19.0,poi
,668,,,,0,,poi,0,-111.9300742,33.41779374,,227.0,,2.189809932,2.189809932,23.0,poi
,669,,,,0,,poi,0,-111.9340229,33.41528487,,228.0,,7.22118457,7.22118457,23.0,poi
,670,,,,0,,poi,0,-111.9340323,33.41578068,,229.0,,5.114256748,5.114256748,23.0,poi
,671,,,,0,,poi,0,-111.927544,33.41744417,,230.0,,6.037369704,6.037369704,24.0,poi
,672,,,,0,,poi,0,-111.9269102,33.41767215,,231.0,,8.759455005,8.759455005,24.0,poi
,673,,,,0,,poi,0,-111.9339996,33.42094867,,232.0,,0.051774409,0.051774409,18.0,poi
,674,,,,0,,poi,0,-111.9297048,33.42471484,,233.0,,0.598581057,0.598581057,8.0,poi
,675,,,,0,,poi,0,-111.9215582,33.42313805,,234.0,,0.256073428,0.256073428,15.0,poi
,676,,,,0,,poi,0,-111.9215439,33.42296501,,235.0,,0.373830608,0.373830608,15.0,poi
,677,,,,0,,poi,0,-111.9214472,33.42279075,,236.0,,0.602240787,0.602240787,15.0,poi
,678,,,,0,,poi,0,-111.9213964,33.42261029,,237.0,,0.704175018,0.704175018,15.0,poi
,679,,,,0,,poi,0,-111.9213461,33.42243341,,238.0,,1.182415557,1.182415557,15.0,poi
,680,,,,0,,poi,0,-111.9204012,33.42243205,,239.0,,0.621508186,0.621508186,15.0,poi
,681,,,,0,,poi,0,-111.9202807,33.42260945,,240.0,,0.332604831,0.332604831,15.0,poi
,682,,,,0,,poi,0,-111.9202089,33.42278965,,241.0,,0.248538691,0.248538691,15.0,poi
,683,,,,0,,poi,0,-111.9202089,33.42278965,,242.0,,0.248538691,0.248538691,15.0,poi
,684,,,,0,,poi,0,-111.9199911,33.42296538,,243.0,,0.364466006,0.364466006,15.0,poi
,685,,,,0,,poi,0,-111.9212418,33.42372762,,244.0,,2.24524407,2.24524407,15.0,poi
,686,,,,0,,poi,0,-111.9207661,33.42356069,,245.0,,0.617417901,0.617417901,15.0,poi
,687,,,,0,,poi,0,-111.9346555,33.4183804,,246.0,,2.86513767,2.86513767,17.0,poi
,688,,,,0,,poi,0,-111.9350771,33.41811028,,247.0,,0.770157789,0.770157789,17.0,poi
,689,,,,0,,poi,0,-111.9287618,33.42815906,,248.0,,5.709500993,5.709500993,3.0,poi
,690,,,,0,,poi,0,-111.9298064,33.42815367,,249.0,,5.678393292,5.678393292,3.0,poi
,691,,,,0,,poi,0,-111.9297943,33.4274945,,250.0,,5.692709293,5.692709293,8.0,poi
,692,,,,0,,poi,0,-111.9287527,33.42749821,,251.0,,5.696046105,5.696046105,8.0,poi
,693,,,,0,,poi,0,-111.9408694,33.42166716,,252.0,,0.403000805,56.9440138,11.0,poi
,694,,,,0,,poi,0,-111.9317781,33.42977305,,253.0,,49.55607473,49.55607473,3.0,poi
,695,,,,0,,poi,0,-111.918771,33.41597579,,254.0,,460.1092487,22.55437493,25.0,poi
,696,,,,0,,poi,0,-111.9302113,33.4215347,,255.0,,1.309537339,31.29794241,13.0,poi
,697,,,,0,,poi,0,-111.9430581,33.42128542,,256.0,,2.964596202,202.7783802,11.0,poi
,698,,,,0,,poi,0,-111.9427063,33.42151144,,257.0,,0.924404625,63.22927636,11.0,poi
,699,,,,0,,poi,0,-111.9438609,33.42160461,,258.0,,0.421191814,16.04740811,11.0,poi
,700,,,,0,,poi,0,-111.9403549,33.42155814,,259.0,,137.4317997,1.335586002,11.0,poi
,701,,,,0,,poi,0,-111.9416895,33.42805713,,260.0,,122.7204189,122.7204189,1.0,poi
,702,,,,0,,poi,0,-111.9404138,33.42804875,,261.0,,44.12439026,44.12439026,1.0,poi
,703,,,,0,,poi,0,-111.9184234,33.41613484,,262.0,,12.71314693,303.8442117,25.0,poi
,704,,,,0,,poi,0,-111.9184099,33.41541622,,263.0,,3.105711068,212.430637,25.0,poi
,705,,,,0,,poi,0,-111.9192531,33.41526323,,264.0,,40.06525507,1.963983092,25.0,poi
,706,,,,0,,poi,0,-111.9384709,33.4306011,,265.0,,93.08877284,93.08877284,2.0,poi
,707,,,,0,,poi,0,-111.9395159,33.430268,,266.0,,32.49726807,32.49726807,2.0,poi
,708,,,,0,,poi,0,-111.9180454,33.41511422,,267.0,,0.097198111,7.581452651,25.0,poi
,709,,,,0,,poi,0,-111.9210933,33.41626543,,268.0,,3.875761218,18.60365385,25.0,poi
,710,,,,0,,poi,0,-111.9447301,33.42603989,,269.0,,3.520444535,3.520444535,6.0,poi
,711,,,,0,,poi,0,-111.9414222,33.4236071,,270.0,,0.451223124,0.451223124,11.0,poi
,712,,,,0,,poi,0,-111.940901,33.42385545,,271.0,,25.4464762,25.4464762,11.0,poi
,713,,,,0,,poi,0,-111.9404718,33.42344067,,272.0,,15.15251813,15.15251813,11.0,poi
,714,,,,0,,poi,0,-111.940282,33.42382327,,273.0,,12.54932022,12.54932022,11.0,poi
,715,,,,0,,poi,0,-111.940576,33.42414328,,274.0,,12.2027223,12.2027223,11.0,poi
,716,,,,0,,poi,0,-111.9408928,33.42244326,,275.0,,44.49079377,44.49079377,11.0,poi
,717,,,,0,,poi,0,-111.940386,33.42273407,,276.0,,35.97438787,35.97438787,11.0,poi
,718,,,,0,,poi,0,-111.938969,33.42022541,,277.0,,9.115309883,217.8559062,17.0,poi
,719,,,,0,,poi,0,-111.9357482,33.42155512,,278.0,,2.55158496,60.98288055,12.0,poi
,720,,,,0,,poi,0,-111.9258558,33.41712826,,279.0,,0.50579615,12.08852798,24.0,poi
,721,,,,0,,poi,0,-111.9259025,33.41629326,,280.0,,0.226257397,17.64807694,24.0,poi
,722,,,,0,,poi,0,-111.9259067,33.41665178,,281.0,,3.591001968,3.591001968,24.0,poi
,723,,,,0,,poi,0,-111.9259211,33.41578038,,282.0,,0.668869392,94.51124513,24.0,poi
,724,,,,0,,poi,0,-111.9257357,33.41570851,,283.0,,1.7011284,40.65696875,24.0,poi
,725,,,,0,,poi,0,-111.925797,33.41607074,,284.0,,0.671237453,16.04257512,24.0,poi
,726,,,,0,,poi,0,-111.9252483,33.41993655,,285.0,,6.378585664,152.4481974,19.0,poi
,727,,,,0,,poi,0,-111.9257238,33.41917684,,286.0,,1.498766884,35.82052853,19.0,poi
,728,,,,0,,poi,0,-111.9253136,33.41742281,,287.0,,1.543544751,36.89071956,24.0,poi
,729,,,,0,,poi,0,-111.9249678,33.41746639,,288.0,,2.967717736,70.9284539,24.0,poi
,730,,,,0,,poi,0,-111.9389,33.41744257,,289.0,,0.433032115,10.34946756,22.0,poi
,731,,,,0,,poi,0,-111.9390224,33.41940181,,290.0,,6.486655324,155.0310623,17.0,poi
,732,,,,0,,poi,0,-111.9250793,33.42313793,,291.0,,12.62735857,301.7938698,14.0,poi
,733,,,,0,,poi,0,-111.9244646,33.42397921,,292.0,,8.496062118,203.0558846,14.0,poi
,734,,,,0,,poi,0,-111.9259114,33.42564868,,293.0,,4.895641728,117.0058373,9.0,poi
,735,,,,0,,poi,0,-111.9228595,33.42429879,,294.0,,2.114893115,50.54594546,15.0,poi
,736,,,,0,,poi,0,-111.9241022,33.42629459,,295.0,,3.727434532,89.08568532,9.0,poi
,737,,,,0,,poi,0,-111.9228694,33.42663141,,296.0,,3.10786385,74.27794601,10.0,poi
,738,,,,0,,poi,0,-111.9243376,33.42274757,,297.0,,5.485181101,131.0958283,14.0,poi
,739,,,,0,,poi,0,-111.9235298,33.42333685,,298.0,,8.942764399,213.7320691,14.0,poi
,740,,,,0,,poi,0,-111.9329169,33.41920186,,299.0,,1.067134077,25.50450444,18.0,poi
,741,,,,0,,poi,0,-111.9396364,33.41868246,,300.0,,0.56822683,13.58062124,16.0,poi
,742,,,,0,,poi,0,-111.9394697,33.41839605,,301.0,,0.083850862,2.004035602,17.0,poi
,743,,,,0,,poi,0,-111.9331234,33.42094205,,302.0,,2.160962652,51.64700738,18.0,poi
,744,,,,0,,poi,0,-111.9333858,33.42142928,,303.0,,0.164903107,3.941184265,13.0,poi
,745,,,,0,,poi,0,-111.929673,33.424508,,304.0,,0.577483793,0.577483793,8.0,poi
,746,,,,0,,poi,0,-111.9297272,33.42433605,,305.0,,0.430233499,0.430233499,13.0,poi
,747,,,,0,,poi,0,-111.9297257,33.42488055,,306.0,,0.515483669,0.515483669,8.0,poi
,748,,,,0,,poi,0,-111.9296996,33.425032,,307.0,,0.47931693,0.47931693,8.0,poi
,749,,,,0,,poi,0,-111.9296396,33.42519442,,308.0,,0.442827274,0.442827274,8.0,poi
,750,,,,0,,poi,0,-111.9295947,33.42537325,,309.0,,0.358222938,0.358222938,8.0,poi
,751,,,,0,,poi,0,-111.9294895,33.42234918,,310.0,,1.633423403,39.03881934,13.0,poi
,752,,,,0,,poi,0,-111.9355837,33.42351554,,311.0,,41.17583229,41.17583229,12.0,poi
,753,,,,0,,poi,0,-111.9368756,33.42351955,,312.0,,0.42043834,32.79419054,12.0,poi
,754,,,,0,,poi,0,-111.9378326,33.42398348,,313.0,,1.541607247,1.541607247,12.0,poi
,755,,,,0,,poi,0,-111.9376548,33.42360014,,314.0,,4.488442998,4.488442998,12.0,poi
,756,,,,0,,poi,0,-111.937351,33.4235094,,315.0,,0.672206204,52.43208395,12.0,poi
,757,,,,0,,poi,0,-111.9364506,33.42352289,,316.0,,2.15633417,2.15633417,12.0,poi
,758,,,,0,,poi,0,-111.9373262,33.42507522,,317.0,,68.64124134,68.64124134,7.0,poi
,759,,,,0,,poi,0,-111.9370488,33.4246679,,318.0,,14.89133184,14.89133184,7.0,poi
,760,,,,0,,poi,0,-111.9359834,33.42403454,,319.0,,5.14773251,123.030807,12.0,poi
,761,,,,0,,poi,0,-111.9352275,33.42396388,,320.0,,0.342722907,0.342722907,12.0,poi
,762,,,,0,,poi,0,-111.9384549,33.42283042,,321.0,,15.57586272,15.57586272,12.0,poi
,763,,,,0,,poi,0,-111.9353206,33.42473654,,322.0,,8.781305743,8.781305743,7.0,poi
,764,,,,0,,poi,0,-111.9352797,33.42515965,,323.0,,13.70423398,13.70423398,7.0,poi
,765,,,,0,,poi,0,-111.9394959,33.42784394,,324.0,,5.285402924,126.3211299,2.0,poi
,766,,,,0,,poi,0,-111.9391558,33.42691344,,325.0,,8.814781505,210.673278,7.0,poi
,767,,,,0,,poi,0,-111.9396988,33.42616028,,326.0,,22.50410747,22.50410747,6.0,poi
,768,,,,0,,poi,0,-111.9396276,33.42900184,,327.0,,8.22551123,8.22551123,1.0,poi
,769,,,,0,,poi,0,-111.9392637,33.42889077,,328.0,,7.565737342,7.565737342,2.0,poi
,770,,,,0,,poi,0,-111.9404432,33.42912115,,329.0,,33.13599851,33.13599851,1.0,poi
,771,,,,0,,poi,0,-111.9431126,33.42595314,,330.0,,18.43034412,18.43034412,6.0,poi
,772,,,,0,,poi,0,-111.942665,33.42649136,,331.0,,14.16229219,338.4787834,6.0,poi
,773,,,,0,,poi,0,-111.9403808,33.426002,,332.0,,46.89841143,46.89841143,6.0,poi
,774,,,,0,,poi,0,-111.9409537,33.42581895,,333.0,,11.56894326,11.56894326,6.0,poi
,775,,,,0,,poi,0,-111.9409049,33.42678995,,334.0,,40.43188462,40.43188462,6.0,poi
,776,,,,0,,poi,0,-111.9410657,33.42711885,,335.0,,18.67296266,18.67296266,6.0,poi
,777,,,,0,,poi,0,-111.9409219,33.42887859,,336.0,,9.742307664,232.8411532,1.0,poi
,778,,,,0,,poi,0,-111.9246884,33.41989521,,337.0,,10.376894,10.376894,19.0,poi
,779,,,,0,,poi,0,-111.924806,33.42931435,,338.0,,13.61419387,325.3792336,4.0,poi
,780,,,,0,,poi,0,-111.934262,33.43077899,,339.0,,191.1561772,191.1561772,2.0,poi
,781,,,,0,,poi,0,-111.9331848,33.42988499,,340.0,,45.15923261,45.15923261,3.0,poi
,782,,,,0,,poi,0,-111.9321107,33.43054065,,341.0,,61.72166154,61.72166154,3.0,poi
,783,,,,0,,poi,0,-111.9301937,33.42969999,,342.0,,145.375544,145.375544,3.0,poi
,784,,,,0,,poi,0,-111.9324018,33.42237465,,343.0,,0.167701724,4.008071204,13.0,poi
,785,,,,0,,poi,0,-111.933197,33.42274661,,344.0,,0.243479653,5.819163713,13.0,poi
,786,,,,0,,poi,0,-111.9331929,33.42236935,,345.0,,0.082020997,1.960301834,13.0,poi
,787,,,,0,,poi,0,-111.930891,33.42252686,,346.0,,0.553372634,13.22560594,13.0,poi
,788,,,,0,,poi,0,-111.9305956,33.42260055,,347.0,,0.540133024,12.90917927,13.0,poi
,789,,,,0,,poi,0,-111.9360556,33.42057455,,348.0,,1.964413648,46.94948619,17.0,poi
,790,,,,0,,poi,0,-111.9379919,33.4156168,,349.0,,0.123569691,0.123569691,22.0,poi
,791,,,,0,,poi,0,-111.9395815,33.4177837,,350.0,,0.071580004,0.071580004,21.0,poi
,792,,,,0,,poi,0,-111.9326349,33.42066018,,351.0,,0.082774471,1.978309856,18.0,poi
,793,,,,0,,poi,0,-111.9347191,33.41678105,,352.0,,0.063829989,0.063829989,22.0,poi
,794,,,,0,,poi,0,-111.9340747,33.41712775,,353.0,,0.063937628,0.063937628,23.0,poi
,795,,,,0,,poi,0,-111.9337992,33.41710369,,354.0,,0.063829989,0.063829989,23.0,poi
,796,,,,0,,poi,0,-111.933873,33.41688545,,355.0,,0.063829989,0.063829989,23.0,poi
,797,,,,0,,poi,0,-111.9332385,33.41727297,,356.0,,0.264684557,6.325960906,23.0,poi
,798,,,,0,,poi,0,-111.9328565,33.41617869,,357.0,,0.424313348,10.14108902,23.0,poi
,799,,,,0,,poi,0,-111.9312368,33.415483,,358.0,,76.75658395,76.75658395,23.0,poi
,800,,,,0,,poi,0,-111.9333237,33.41675925,,359.0,,0.063829989,0.063829989,23.0,poi
,801,,,,0,,poi,0,-111.9335833,33.41802186,,360.0,,0.269958873,6.452017061,23.0,poi
,802,,,,0,,poi,0,-111.9308859,33.42167502,,361.0,,0.442181439,10.5681364,13.0,poi
,803,,,,0,,poi,0,-111.9319978,33.42121075,,362.0,,0.151986415,3.632475315,18.0,poi
,804,,,,0,,poi,0,-111.9320432,33.42122931,,363.0,,0.72677923,0.72677923,18.0,poi
,805,,,,0,,poi,0,-111.9280683,33.42937781,,364.0,,19.26890656,460.5268669,4.0,poi
,806,,,,0,,poi,0,-111.9371585,33.4186186,,365.0,,0.077823072,1.859971425,17.0,poi
,807,,,,0,,poi,0,-111.9318029,33.42154419,,366.0,,0.036274378,0.866957635,13.0,poi
,808,,,,0,,poi,0,-111.9317967,33.42178342,,367.0,,0.089017539,2.127519182,13.0,poi
,809,,,,0,,poi,0,-111.932526,33.42147419,,368.0,,0.052743161,1.260561547,13.0,poi
,810,,,,0,,poi,0,-111.9391671,33.42520552,,369.0,,2.35094567,56.18760152,7.0,poi
,811,,,,0,,poi,0,-111.933751,33.41867762,,370.0,,27.42703571,27.42703571,18.0,poi
,812,,,,0,,poi,0,-111.933182,33.41864254,,371.0,,14.92104024,14.92104024,18.0,poi
,813,,,,0,,poi,0,-111.9280108,33.42603265,,372.0,,27.81943407,27.81943407,9.0,poi
,814,,,,0,,poi,0,-111.9359117,33.42227252,,373.0,,2.954747224,2.954747224,12.0,poi
,815,,,,0,,poi,0,-111.9364452,33.42217067,,374.0,,2.866859896,2.866859896,12.0,poi
,816,,,,0,,poi,0,-111.9413434,33.42670773,,375.0,,0.942918551,73.54764698,6.0,poi
,817,,,,0,,poi,0,-111.9392655,33.42295689,,376.0,,4.513199992,4.513199992,12.0,poi
,818,,,,0,,poi,0,-111.9389078,33.42287926,,377.0,,2.387812064,2.387812064,12.0,poi
,819,,,,0,,poi,0,-111.9273486,33.41999008,,378.0,,39.24602461,39.24602461,19.0,poi
,820,,,,0,,poi,0,-111.9366946,33.42594636,,379.0,,21.00135794,21.00135794,7.0,poi
,821,,,,0,,poi,0,-111.9364624,33.4256295,,380.0,,0.033260483,0.033260483,7.0,poi
,822,,,,0,,poi,0,-111.9362882,33.4256278,,381.0,,0.032829927,0.032829927,7.0,poi
,823,,,,0,,poi,0,-111.9360738,33.4256288,,382.0,,0.031430618,0.031430618,7.0,poi
,824,,,,0,,poi,0,-111.9358734,33.42562895,,383.0,,0.03239937,0.03239937,7.0,poi
,825,,,,0,,poi,0,-111.935666,33.4256278,,384.0,,0.032829927,0.032829927,7.0,poi
,826,,,,0,,poi,0,-111.9363484,33.4257017,,385.0,,0.033152844,0.033152844,7.0,poi
,827,,,,0,,poi,0,-111.93609,33.42571405,,386.0,,0.033260483,0.033260483,7.0,poi
,828,,,,0,,poi,0,-111.9358665,33.4257202,,387.0,,0.032614649,0.032614649,7.0,poi
,829,,,,0,,poi,0,-111.9355867,33.42569075,,388.0,,0.032614649,0.032614649,7.0,poi
,830,,,,0,,poi,0,-111.9356033,33.42589153,,389.0,,0.03369104,0.03369104,7.0,poi
,831,,,,0,,poi,0,-111.935856,33.4259113,,390.0,,0.033152844,0.033152844,7.0,poi
,832,,,,0,,poi,0,-111.9360972,33.4259148,,391.0,,0.034444513,0.034444513,7.0,poi
,833,,,,0,,poi,0,-111.9364101,33.4258879,,392.0,,0.034121596,0.034121596,7.0,poi
,834,,,,0,,poi,0,-111.9318337,33.42046224,,393.0,,0.096229359,34.94088024,18.0,poi
,835,,,,0,,poi,0,-111.9404089,33.41812657,,394.0,,11.83508094,11.83508094,16.0,poi
,836,,,,0,,poi,0,-111.9402787,33.41849943,,395.0,,4.237159509,4.237159509,16.0,poi
,837,,,,0,,poi,0,-111.9402477,33.41886009,,396.0,,3.790295769,3.790295769,16.0,poi
,838,,,,0,,poi,0,-111.9402188,33.41870495,,397.0,,2.244221499,2.244221499,16.0,poi
,839,,,,0,,poi,0,-111.9402228,33.41930493,,398.0,,1.159865165,1.159865165,16.0,poi
,840,,,,0,,poi,0,-111.9402508,33.4193883,,399.0,,0.950668567,0.950668567,16.0,poi
,841,,,,0,,poi,0,-111.9404674,33.41932633,,400.0,,0.457789109,10.94115971,16.0,poi
,842,,,,0,,poi,0,-111.9302122,33.41859608,,401.0,,0.193642748,4.628061679,18.0,poi
,843,,,,0,,poi,0,-111.917949,33.419299,,402.0,,3.114429835,3.114429835,20.0,poi
,844,,,,0,,poi,0,-111.9183286,33.42161024,,403.0,,3.555750162,17.06760078,15.0,poi
,845,,,,0,,poi,0,-111.9185819,33.42131061,,404.0,,1.567117715,37.45411339,15.0,poi
,846,,,,0,,poi,0,-111.9188283,33.42170613,,405.0,,0.322379116,7.704860884,15.0,poi
,847,,,,0,,poi,0,-111.9180125,33.42127648,,406.0,,0.560799732,13.40311359,15.0,poi
,848,,,,0,,poi,0,-111.933343,33.42335118,,407.0,,1.532996119,1.532996119,13.0,poi
,849,,,,0,,poi,0,-111.9328312,33.42316138,,408.0,,3.520659814,3.520659814,13.0,poi
,850,,,,0,,poi,0,-111.9323541,33.42297883,,409.0,,1.323638062,1.323638062,13.0,poi
,851,,,,0,,poi,0,-111.9185106,33.42245699,,410.0,,54.03832848,54.03832848,15.0,poi
,852,,,,0,,poi,0,-111.918562,33.42351979,,411.0,,61.63501206,61.63501206,15.0,poi
,853,,,,0,,poi,0,-111.9240302,33.41880085,,412.0,,30.89796626,30.89796626,19.0,poi
,854,,,,0,,poi,0,-111.9284422,33.41697525,,413.0,,40.37618138,40.37618138,24.0,poi
,855,,,,0,,poi,0,-111.9230338,33.42067019,,414.0,,2.052677713,49.05899735,20.0,poi
,856,,,,0,,poi,0,-111.9229852,33.42163897,,415.0,,0.777369609,3.731374124,15.0,poi
,857,,,,0,,poi,0,-111.9229827,33.42111727,,416.0,,1.169391226,5.613077884,20.0,poi
,858,,,,0,,poi,0,-111.9232897,33.4216654,,417.0,,0.080083493,0.080083493,14.0,poi
,859,,,,0,,poi,0,-111.9232893,33.42139172,,418.0,,0.308278394,0.308278394,14.0,poi
,860,,,,0,,poi,0,-111.9232887,33.42105278,,419.0,,0.144774595,0.144774595,19.0,poi
,861,,,,0,,poi,0,-111.9199348,33.41529505,,420.0,,1.073377145,73.41899672,25.0,poi
,862,,,,0,,poi,0,-111.9218398,33.4153985,,421.0,,6.166967185,6.166967185,25.0,poi
,863,,,,0,,poi,0,-111.9224882,33.41533304,,422.0,,31.32873796,31.32873796,25.0,poi
,864,,,,0,,poi,0,-111.9229741,33.41544528,,423.0,,0.787487685,0.787487685,25.0,poi
,865,,,,0,,poi,0,-111.9218751,33.4157992,,424.0,,4.417885565,4.417885565,25.0,poi
,866,,,,0,,poi,0,-111.9224856,33.41625174,,425.0,,1.146787014,43.69258523,25.0,poi
,867,,,,0,,poi,0,-111.9245297,33.41621101,,426.0,,1.374874275,6.599396522,24.0,poi
,868,,,,0,,poi,0,-111.9258185,33.4150257,,427.0,,0.256719263,36.27443187,24.0,poi
,869,,,,0,,poi,0,-111.9259656,33.41536366,,428.0,,3.33971848,3.33971848,24.0,poi
,870,,,,0,,poi,0,-111.925821,33.41521503,,429.0,,0.705036131,16.85036354,24.0,poi
,871,,,,0,,poi,0,-111.9255791,33.41539026,,430.0,,0.288257521,6.88935474,24.0,poi
,872,,,,0,,poi,0,-111.9243043,33.4153462,,431.0,,7.09147945,34.03910136,24.0,poi
,873,,,,0,,poi,0,-111.9255332,33.41619377,,432.0,,0.554556664,0.554556664,24.0,poi
,874,,,,0,,poi,0,-111.9255909,33.4163529,,433.0,,0.574685176,13.73497571,24.0,poi
,875,,,,0,,poi,0,-111.9256663,33.41671345,,434.0,,0.213233065,5.096270254,24.0,poi
,876,,,,0,,poi,0,-111.9255167,33.4166722,,435.0,,0.034767431,2.711859586,24.0,poi
,877,,,,0,,poi,0,-111.9260174,33.41655347,,436.0,,0.510209353,12.19400354,24.0,poi
,878,,,,0,,poi,0,-111.925397,33.41669207,,437.0,,0.187076763,4.47113463,24.0,poi
,879,,,,0,,poi,0,-111.9445009,33.42943608,,438.0,,0.817411356,19.5361314,1.0,poi
,880,,,,0,,poi,0,-111.944463,33.43002807,,439.0,,0.56338307,13.46485538,1.0,poi
,881,,,,0,,poi,0,-111.9445403,33.42977687,,440.0,,0.591584516,46.14359222,1.0,poi
,882,,,,0,,poi,0,-111.944818,33.42935005,,441.0,,0.50698018,2.433504863,1.0,poi
,883,,,,0,,poi,0,-111.9446676,33.43004738,,442.0,,0.074701538,0.074701538,1.0,poi
,884,,,,0,,poi,0,-111.9446671,33.429926,,443.0,,0.078253629,0.078253629,1.0,poi
,885,,,,0,,poi,0,-111.9449178,33.43025757,,444.0,,1.409426428,6.765246853,1.0,poi
,886,,,,0,,poi,0,-111.9439797,33.42667503,,445.0,,10.88769537,260.2159193,6.0,poi
,887,,,,0,,poi,0,-111.9439325,33.42830657,,446.0,,4.643766225,110.9860128,1.0,poi
,888,,,,0,,poi,0,-111.9440529,33.42889366,,447.0,,2.922294034,227.9389347,1.0,poi
,889,,,,0,,poi,0,-111.9432661,33.42738834,,448.0,,1.503503005,35.93372181,6.0,poi
,890,,,,0,,poi,0,-111.9440948,33.42395947,,449.0,,1.298450512,6.232562455,11.0,poi
,891,,,,0,,poi,0,-111.9440853,33.42342354,,450.0,,0.963908176,4.626759246,11.0,poi
,892,,,,0,,poi,0,-111.9409164,33.42140642,,451.0,,1.404259751,33.56180804,11.0,poi
,893,,,,0,,poi,0,-111.9415994,33.42144161,,452.0,,1.568194106,37.47983914,11.0,poi
,894,,,,0,,poi,0,-111.9416592,33.42158699,,453.0,,0.436368928,34.03677635,11.0,poi
,895,,,,0,,poi,0,-111.944872,33.429055,,454.0,,0.016145866,0.016145866,1.0,poi
,896,,,,0,,poi,0,-111.940393,33.42117668,,455.0,,1.267558089,30.29463832,16.0,poi
,897,,,,0,,poi,0,-111.9322502,33.42745867,,456.0,,77.97957945,77.97957945,8.0,poi
,898,,,,0,,poi,0,-111.9291485,33.42084257,,457.0,,0.091816156,2.194406122,18.0,poi
,899,,,,0,,poi,0,-111.9300364,33.42056898,,458.0,,0.066520966,1.589851094,18.0,poi
,900,,,,0,,poi,0,-111.930628,33.42039232,,459.0,,0.07093417,1.695326652,18.0,poi
,901,,,,0,,poi,0,-111.9299627,33.4291276,,460.0,,3.263509994,77.99788886,3.0,poi
,902,,,,0,,poi,0,-111.9404753,33.4188691,,461.0,,0.249937999,5.973518188,16.0,poi
,903,,,,0,,poi,0,-111.9404352,33.41869915,,462.0,,0.451330763,10.78680524,16.0,poi
,904,,,,0,,poi,0,-111.9403085,33.41834903,,463.0,,0.519035759,12.40495465,16.0,poi
,905,,,,0,,poi,0,-111.9405013,33.41850597,,464.0,,0.235729638,5.633938342,16.0,poi
,906,,,,0,,poi,0,-111.9386383,33.42631436,,465.0,,0.011409745,0.011409745,7.0,poi
,907,,,,0,,poi,0,-111.9388406,33.42582437,,466.0,,0.04563898,0.04563898,7.0,poi
,908,,,,0,,poi,0,-111.9399652,33.4212287,,467.0,,0.0,0.0,16.0,poi
,909,,,,0,,poi,0,-111.9361235,33.42581694,,468.0,,15.89205259,15.89205259,7.0,poi
,910,,,,0,,poi,0,-111.9367903,33.42627898,,469.0,,0.038750077,0.038750077,7.0,poi
,911,,,,0,,poi,0,-111.9391693,33.42535449,,470.0,,0.015069475,0.574146981,7.0,poi
,912,,,,0,,poi,0,-111.9388396,33.4253758,,471.0,,0.006350707,0.006350707,7.0,poi
,913,,,,0,,poi,0,-111.939942,33.427787,,472.0,,0.0,0.0,1.0,poi
,914,,,,0,,poi,0,-111.9398961,33.42716302,,473.0,,0.006996542,0.478563456,6.0,poi
,915,,,,0,,poi,0,-111.9399411,33.42491767,,474.0,,0.0,0.0,6.0,poi
,916,,,,0,,poi,0,-111.9398639,33.42256732,,475.0,,0.006996542,0.478563456,11.0,poi
,917,,,,0,,poi,0,-111.9398638,33.42253128,,476.0,,0.006996542,0.478563456,11.0,poi
,918,,,,0,,poi,0,-111.9421011,33.42157737,,477.0,,0.673282596,0.673282596,11.0,poi
,919,,,,0,,poi,0,-111.9429875,33.42244396,,478.0,,84.95238679,84.95238679,11.0,poi
,920,,,,0,,poi,0,-111.9439911,33.42228436,,479.0,,1.634822712,1.634822712,11.0,poi
,921,,,,0,,poi,0,-111.9445439,33.42218409,,480.0,,6.049371464,6.049371464,11.0,poi
,922,,,,0,,poi,0,-111.929863,33.42349634,,481.0,,28.3009576,28.3009576,13.0,poi
,923,,,,0,,poi,0,-111.929373,33.42377184,,482.0,,29.32094575,29.32094575,13.0,poi
,924,,,,0,,poi,0,-111.9372546,33.41805823,,483.0,,34.6276074,34.6276074,22.0,poi
,925,,,,0,,poi,0,-111.9360761,33.4196892,,484.0,,37.88191425,37.88191425,17.0,poi
,926,,,,0,,poi,0,-111.9344911,33.4199302,,485.0,,33.19912885,33.19912885,17.0,poi
,927,,,,0,,poi,0,-111.9331409,33.41985471,,486.0,,50.44732651,50.44732651,18.0,poi
,928,,,,0,,poi,0,-111.9355638,33.4159284,,487.0,,7.954422146,7.954422146,22.0,poi
,929,,,,0,,poi,0,-111.9355638,33.4154369,,488.0,,8.261408871,8.261408871,22.0,poi
,930,,,,0,,poi,0,-111.9313394,33.42288083,,489.0,,40.76734189,40.76734189,13.0,poi
,931,,,,0,,poi,0,-111.9280092,33.42285262,,490.0,,24.4450558,24.4450558,14.0,poi
,932,,,,0,,poi,0,-111.9320874,33.4225104,,491.0,,24.2284321,24.2284321,13.0,poi
,933,,,,0,,poi,0,-111.9335408,33.42249898,,492.0,,28.07782174,2.399813824,13.0,poi
,934,,,,0,,poi,0,-111.9273659,33.41576799,,493.0,,27.84171536,27.84171536,24.0,poi
,935,,,,0,,poi,0,-111.9355278,33.42227952,,494.0,,47.84784215,47.84784215,12.0,poi
,936,,,,0,,poi,0,-111.928367,33.41974385,,495.0,,622.960238,622.960238,19.0,poi
,937,,,,0,,poi,0,-111.9325919,33.42650366,,496.0,,96.74807182,96.74807182,8.0,poi
,938,,,,0,,poi,0,-111.9305721,33.42761458,,497.0,,1.143557841,5.489077636,3.0,poi
,939,,,,0,,poi,0,-111.9228429,33.41627946,,498.0,,26.10411883,1.279613668,25.0,poi
,940,,,,0,,poi,0,-111.9193216,33.41610069,,499.0,,2.325112286,11.16053897,25.0,poi
,941,,,,0,,poi,0,-111.9198676,33.41602303,,500.0,,2.105420874,2.105420874,25.0,poi
,942,,,,0,,poi,0,-111.9235546,33.41534266,,501.0,,2.349869279,11.27937254,24.0,poi
,943,,,,0,,poi,0,-111.9235756,33.41628309,,502.0,,1.97496228,9.479818945,24.0,poi
,944,,,,0,,poi,0,-111.924058,33.41631717,,503.0,,3.296770477,3.296770477,24.0,poi
,945,,,,0,,poi,0,-111.9250724,33.41627014,,504.0,,3.537559153,3.537559153,24.0,poi
,946,,,,0,,poi,0,-111.9251225,33.41521557,,505.0,,6.236286768,6.236286768,24.0,poi
,947,,,,0,,poi,0,-111.9256108,33.41657277,,506.0,,0.125076639,0.125076639,24.0,poi
,948,,,,0,,poi,0,-111.9260276,33.41696944,,507.0,,8.591215086,41.23783241,24.0,poi
,949,,,,0,,poi,0,-111.9238721,33.41741542,,508.0,,1.190703768,5.715378089,24.0,poi
,950,,,,0,,poi,0,-111.9448918,33.4297287,,509.0,,4.489680847,4.489680847,1.0,poi
,951,,,,0,,poi,0,-111.941489,33.42165227,,510.0,,124.3110557,124.3110557,11.0,poi
,952,,,,0,,poi,0,-111.9388594,33.42643525,,511.0,,10.27135386,49.30249853,7.0,poi
,953,,,,0,,poi,0,-111.9418783,33.42492531,,512.0,,,,6.0,poi
