mode,route_seq_id,o_zone_id,d_zone_id,unique_route_id,node_sequence,link_ids,total_distance,total_free_flow_travel_time,total_travel_time,route_key
1,0,1,19,1,1;0;29;57;417;264;266;267;240;241;270;407;39;405;114;20;19,3;2;35;61;542;312;314;315;289;290;318;513;46;510;138;25,1.8026085227484556,2.8678953798976745,2.867961603693535,3056_3713
1,0,1,80,2,1;0;29;57;417;303;304;313;58;59;60;409;314;308;309;306;95;94;96;305;297;296;301;300;302;299;298;415;307;356;358;295;294;411;361;368;357;90;81;80,3;2;35;61;543;371;373;386;62;63;65;524;387;380;381;376;113;112;116;375;359;358;368;366;369;363;362;537;378;447;450;355;354;527;452;460;448;105;93,2.0145649769470713,3.401665832177875,3.401696713995679,9703_11879
1,0,1,109,3,1;0;29;57;417;264;266;267;240;241;270;407;109,3;2;35;61;542;312;314;315;289;290;318;514,1.477034063653423,2.3933389923930664,2.3934296411450893,2568_2995
1,0,1,111,4,1;0;29;57;417;303;304;313;58;59;60;409;225;212;213;222;223;214;215;112;110;111,3;2;35;61;543;371;373;386;62;63;65;523;264;242;245;259;260;246;248;132;129,2.240365615718245,3.550201141406238,3.5509484633542145,3867_4512
1,0,1,124,5,1;0;29;57;417;303;304;313;58;59;60;409;314;308;309;306;95;94;96;305;297;296;301;300;302;299;298;415;307;356;358;295;294;411;361;368;357;90;328;319;320;125;126;339;335;330;331;326;327;351;345;98;336;337;346;322;323;413;123;124,3;2;35;61;543;371;373;386;62;63;65;524;387;380;381;376;113;112;116;375;359;358;368;366;369;363;362;537;378;447;450;355;354;527;452;460;448;106;407;394;396;151;153;423;417;410;412;404;406;439;432;120;418;419;433;399;400;530;148,3.073713447748767,4.844036489281764,4.844184038467646,15866_19498
1,0,1,128,6,1;0;29;57;417;303;304;313;58;59;60;409;225;212;213;222;223;214;215;112;113;379;88;86;290;288;289;293;130;127;128,3;2;35;61;543;371;373;386;62;63;65;523;264;242;245;259;260;246;248;133;137;477;103;101;347;342;345;351;158;154,2.4035194551803842,3.820469477061581,3.821127140471708,5857_6899
1,0,1,144,7,1;0;29;57;417;243;244;247;238;239;376;377;250;251;253;380;70;254;257;139;140;419;69;260;67;68;142;389;388;143;144,3;2;35;61;541;292;293;295;287;288;474;475;298;299;301;478;80;302;305;174;175;545;78;308;74;76;177;486;485;178,1.6725241403308189,2.8557022719162606,2.8956792514550997,6551_7865
1,0,1,277,8,1;0;29;57;417;303;304;313;58;59;60;409;314;308;309;306;95;94;96;305;297;296;301;300;302;299;298;415;307;356;358;295;294;411;361;368;357;90;328;319;320;125;126;339;335;330;331;326;327;351;345;98;336;337;346;322;323;413;122;276;277,3;2;35;61;543;371;373;386;62;63;65;524;387;380;381;376;113;112;116;375;359;358;368;366;369;363;362;537;378;447;450;355;354;527;452;460;448;106;407;394;396;151;153;423;417;410;412;404;406;439;432;120;418;419;433;399;400;529;147;323,3.0184920526426984,4.691630152807391,4.691779674528734,16294_19819
1,0,1,385,9,1;0;29;57;417;303;304;313;58;59;60;409;314;308;309;306;95;94;96;305;297;296;301;300;302;299;298;415;307;356;358;295;294;411;361;368;357;90;348;390;391;392;12;11;279;280;393;394;282;281;278;136;135;137;385,3;2;35;61;543;371;373;386;62;63;65;524;387;380;381;376;113;112;116;375;359;358;368;366;369;363;362;537;378;447;450;355;354;527;452;460;448;107;435;488;489;490;15;14;328;330;493;494;333;331;325;169;166;172,2.6598854188673613,4.398376287351159,4.398662216287444,14066_16860
1,0,1,387,10,1;0;29;57;417;243;244;247;238;239;376;377;250;251;253;380;70;254;257;139;140;419;84;25;26;387,3;2;35;61;541;292;293;295;287;288;474;475;298;299;301;478;80;302;305;174;175;546;97;30;31,1.422750941379696,2.4678331616421287,2.4680873714875005,5403_6162
1,0,1,397,11,1;0;29;57;417;303;304;313;58;59;60;409;314;308;309;306;95;94;96;305;297;296;301;300;302;299;298;415;307;356;358;295;294;411;361;368;357;90;348;390;391;392;12;11;279;280;393;394;282;281;278;136;135;283;9;10;396;397,3;2;35;61;543;371;373;386;62;63;65;524;387;380;381;376;113;112;116;375;359;358;368;366;369;363;362;537;378;447;450;355;354;527;452;460;448;107;435;488;489;490;15;14;328;330;493;494;333;331;325;169;167;335;9;12;498,2.9849379248636083,4.931292426109905,4.931712195515591,14639_17543
1,0,1,399,12,1;0;29;57;417;303;304;313;58;59;60;409;217;216;224;221;220;406;83;73;71;72;384;226;408;235;233;234;236;237;231;232;229;230;399,3;2;35;61;543;371;373;386;62;63;65;522;252;251;263;256;255;511;95;83;81;82;483;266;520;281;277;280;284;285;273;275;269;272,1.875110293660755,3.1956653445667165,3.195712767043442,7327_8380
1,0,17,1,13,17;18;141;27;28;228;227;419;378;16;15;13;14;255;256;258;365;248;249;252;245;417;57;29;0;1,22;23;176;32;33;268;267;548;476;21;19;17;18;303;304;306;457;296;297;300;294;540;60;34;1,1.4358805473051064,2.4275938075324572,2.42761286725595,4173_5112
1,0,17,19,14,17;18;141;27;28;228;227;419;378;16;15;13;14;255;256;258;365;248;249;252;245;417;264;266;267;240;241;270;407;39;405;114;20;19,22;23;176;32;33;268;267;548;476;21;19;17;18;303;304;306;457;296;297;300;294;542;312;314;315;289;290;318;513;46;510;138;25,2.5887320267935925,4.1753544560673195,4.175421203502513,6638_8089
1,0,17,80,15,17;18;141;27;28;228;227;419;378;16;15;13;14;255;256;258;365;248;249;252;245;417;303;304;313;58;59;60;409;314;308;309;306;95;94;96;305;297;296;301;300;302;299;298;415;307;356;358;295;294;411;361;368;357;90;81;80,22;23;176;32;33;268;267;548;476;21;19;17;18;303;304;306;457;296;297;300;294;543;371;373;386;62;63;65;524;387;380;381;376;113;112;116;375;359;358;368;366;369;363;362;537;378;447;450;355;354;527;452;460;448;105;93,2.800688480992209,4.70912490834752,4.709156313804656,13285_16255
1,0,17,109,16,17;18;141;27;28;228;227;419;378;16;15;13;14;255;256;258;365;248;249;252;245;417;264;266;267;240;241;270;407;109,22;23;176;32;33;268;267;548;476;21;19;17;18;303;304;306;457;296;297;300;294;542;312;314;315;289;290;318;514,2.26315756769856,3.700798068562711,3.700889240954067,6150_7371
1,0,17,111,17,17;18;141;27;28;228;227;419;378;16;15;13;14;255;256;258;365;248;249;252;245;417;303;304;313;58;59;60;409;225;212;213;222;223;214;215;112;110;111,22;23;176;32;33;268;267;548;476;21;19;17;18;303;304;306;457;296;297;300;294;543;371;373;386;62;63;65;523;264;242;245;259;260;246;248;132;129,3.026489119763381,4.857660217575882,4.858408063163193,7449_8888
1,0,17,124,18,17;18;141;27;28;228;227;419;378;16;15;13;14;255;256;258;365;248;249;252;245;417;303;304;313;58;59;60;409;314;308;309;306;95;94;96;305;297;296;301;300;302;299;298;415;307;356;358;295;294;411;361;368;357;90;328;319;320;125;126;339;335;330;331;326;327;351;345;98;336;337;346;322;323;413;123;124,22;23;176;32;33;268;267;548;476;21;19;17;18;303;304;306;457;296;297;300;294;543;371;373;386;62;63;65;524;387;380;381;376;113;112;116;375;359;358;368;366;369;363;362;537;378;447;450;355;354;527;452;460;448;106;407;394;396;151;153;423;417;410;412;404;406;439;432;120;418;419;433;399;400;530;148,3.859836951793905,6.151495565451408,6.1516436382766235,19448_23874
1,0,17,128,19,17;18;141;27;28;228;227;419;378;16;15;13;14;255;256;258;365;248;249;252;245;417;303;304;313;58;59;60;409;225;212;213;222;223;214;215;112;113;379;88;86;290;288;289;293;130;127;128,22;23;176;32;33;268;267;548;476;21;19;17;18;303;304;306;457;296;297;300;294;543;371;373;386;62;63;65;523;264;242;245;259;260;246;248;133;137;477;103;101;347;342;345;351;158;154,3.1896429592255204,5.127928553231226,5.128586740280684,9439_11275
1,0,17,144,20,17;18;141;27;28;228;227;419;69;260;67;68;142;389;388;143;144,22;23;176;32;33;268;267;545;78;308;74;76;177;486;485;178,0.7826189618104318,1.2738076156774119,1.3136024933203605,2775_3228
1,0,17,277,21,17;18;141;27;28;228;227;419;378;16;15;13;14;255;256;258;365;248;249;252;245;417;303;304;313;58;59;60;409;314;308;309;306;95;94;96;305;297;296;301;300;302;299;298;415;307;356;358;295;294;411;361;368;357;90;328;319;320;125;126;339;335;330;331;326;327;351;345;98;336;337;346;322;323;413;122;276;277,22;23;176;32;33;268;267;548;476;21;19;17;18;303;304;306;457;296;297;300;294;543;371;373;386;62;63;65;524;387;380;381;376;113;112;116;375;359;358;368;366;369;363;362;537;378;447;450;355;354;527;452;460;448;106;407;394;396;151;153;423;417;410;412;404;406;439;432;120;418;419;433;399;400;529;147;323,3.8046155566878364,5.999089228977035,5.999239274337711,19876_24195
1,0,17,385,22,17;18;141;27;28;228;227;419;210;46;47;48;49;200;116;117;199;197;198;408;5;191;192;194;178;147;23;410;22;30;31;383;146;145;104;106;99;100;135;137;385,22;23;176;32;33;268;267;547;241;53;54;55;56;231;141;142;230;228;229;517;5;222;223;225;210;183;29;525;27;37;39;482;181;179;124;127;121;122;166;172,1.899524028483726,3.4426609194496773,3.442709011399669,6103_6944
1,0,17,387,23,17;18;141;27;28;228;227;419;84;25;26;387,22;23;176;32;33;268;267;546;97;30;31,0.5328457628593087,0.8859385054032798,0.8860106133527612,1627_1525
1,0,17,397,24,17;18;141;27;28;228;227;419;210;46;47;48;49;200;116;117;199;197;198;408;5;191;192;194;178;147;23;410;22;30;31;383;146;145;104;106;99;100;135;283;9;10;396;397,22;23;176;32;33;268;267;547;241;53;54;55;56;231;141;142;230;228;229;517;5;222;223;225;210;183;29;525;27;37;39;482;181;179;124;127;121;122;167;335;9;12;498,2.2245765344799726,3.9755770582084233,3.9757589906278157,6676_7627
1,0,17,399,25,17;18;141;27;28;228;227;419;210;46;47;48;49;200;116;117;199;197;198;408;235;233;234;236;237;231;232;229;230;399,22;23;176;32;33;268;267;547;241;53;54;55;56;231;141;142;230;228;229;520;281;277;280;284;285;273;275;269;272,1.1052170454969117,1.9723449175149885,1.9723788225667092,5436_6044
1,0,19,1,26,19;20;114;405;39;407;382;273;268;269;370;381;265;242;417;57;29;0;1,24;26;139;509;47;516;480;321;316;317;463;479;313;291;540;60;34;1,1.802794934569451,2.9042393964221938,2.9042395860223995,3958_4876
1,0,19,80,27,19;20;114;405;39;407;287;120;112;113;379;88;86;290;288;289;293;130;127;292;78;79;404;403;400;354;355;413;317;318;324;325;321;315;316;353;342;343;344;338;332;333;340;341;334;329;89;90;81;80,24;26;139;509;47;515;340;145;133;137;477;103;101;347;342;345;351;158;156;349;88;91;508;507;503;442;445;531;391;393;401;402;397;389;390;441;428;430;431;421;413;414;425;426;416;408;104;105;93,3.2036300595275087,4.752163284087325,4.752164331020397,12689_15577
1,0,19,109,28,19;20;114;405;39;407;109,24;26;139;509;47;514,0.6287173623970075,0.9623133189174857,0.9623568070124908,1113_1259
1,0,19,111,29,19;20;114;405;39;407;287;120;112;110;111,24;26;139;509;47;515;340;145;132;129,1.4338051623646961,2.1614955430745937,2.1616109343792336,1744_2006
1,0,19,124,30,19;20;114;405;39;407;287;120;112;113;379;88;86;290;288;289;293;130;127;292;78;79;404;403;400;354;355;413;123;124,24;26;139;509;47;515;340;145;133;137;477;103;101;347;342;345;351;158;156;349;88;91;508;507;503;442;445;530;148,2.2805311494152884,3.465601220712632,3.465602290588527,6631_8006
1,0,19,128,31,19;20;114;405;39;407;287;120;112;113;379;88;86;290;288;289;293;130;127;128,24;26;139;509;47;515;340;145;133;137;477;103;101;347;342;345;351;158;154,1.596959001826836,2.4317638787299374,2.4317896114967263,3734_4393
1,0,19,144,32,19;20;114;405;39;407;382;273;268;269;370;381;265;242;417;243;244;247;238;239;376;377;250;251;253;380;70;254;257;139;140;419;69;260;67;68;142;389;388;143;144,24;26;139;509;47;516;480;321;316;317;463;479;313;291;541;292;293;295;287;288;474;475;298;299;301;478;80;302;305;174;175;545;78;308;74;76;177;486;485;178,2.8255620316403,4.639806936975644,4.679765570030527,9918_12005
1,0,19,277,33,19;20;114;405;39;407;287;120;112;113;379;88;86;290;288;289;293;130;127;292;78;79;404;403;400;354;355;413;122;276;277,24;26;139;509;47;515;340;145;133;137;477;103;101;347;342;345;351;158;156;349;88;91;508;507;503;442;445;529;147;323,2.22530975430922,3.3131948842382593,3.3131979266496145,7059_8327
1,0,19,385,34,19;20;114;405;39;407;287;120;112;113;379;88;86;290;288;289;293;130;127;292;78;79;404;403;400;354;355;413;317;318;324;325;321;315;316;353;342;343;344;338;332;333;340;341;334;329;89;90;348;390;391;392;12;11;279;280;393;394;282;281;278;136;135;137;385,24;26;139;509;47;515;340;145;133;137;477;103;101;347;342;345;351;158;156;349;88;91;508;507;503;442;445;531;391;393;401;402;397;389;390;441;428;430;431;421;413;414;425;426;416;408;104;107;435;488;489;490;15;14;328;330;493;494;333;331;325;169;166;172,3.848950501447799,5.748873739260609,5.749129833312163,17052_20558
1,0,19,387,35,19;20;114;405;39;407;382;273;268;269;370;381;265;242;417;243;244;247;238;239;376;377;250;251;253;380;70;254;257;139;140;419;84;25;26;387,24;26;139;509;47;516;480;321;316;317;463;479;313;291;541;292;293;295;287;288;474;475;298;299;301;478;80;302;305;174;175;546;97;30;31,2.5757888326891774,4.251937826701511,4.252173690062927,8770_10302
1,0,19,397,36,19;20;114;405;39;407;287;120;112;113;379;88;86;290;288;289;293;130;127;292;78;79;404;403;400;354;355;413;317;318;324;325;321;315;316;353;342;343;344;338;332;333;340;341;334;329;89;90;348;390;391;392;12;11;279;280;393;394;282;281;278;136;135;283;9;10;396;397,24;26;139;509;47;515;340;145;133;137;477;103;101;347;342;345;351;158;156;349;88;91;508;507;503;442;445;531;391;393;401;402;397;389;390;441;428;430;431;421;413;414;425;426;416;408;104;107;435;488;489;490;15;14;328;330;493;494;333;331;325;169;167;335;9;12;498,4.174003007444046,6.281789878019355,6.282179812540311,17625_21241
1,0,19,399,37,19;20;114;405;39;407;287;120;112;215;214;223;222;213;212;225;409;217;216;224;221;220;406;83;73;71;72;384;226;408;235;233;234;236;237;231;232;229;230;399,24;26;139;509;47;515;340;145;135;249;247;261;258;244;243;265;522;252;251;263;256;255;511;95;83;81;82;483;266;520;281;277;280;284;285;273;275;269;272,3.0466278101582023,4.790766733882182,4.790789325308861,8773_10063
1,0,80,1,38,80;81;90;357;368;361;411;294;295;358;356;307;415;298;299;302;300;301;296;297;305;96;94;95;306;309;311;312;409;63;62;364;310;54;55;303;417;57;29;0;1,92;94;108;449;461;453;526;353;356;451;446;379;536;361;364;370;365;367;357;360;374;115;111;114;377;382;384;385;521;70;68;456;383;58;59;372;540;60;34;1,2.032466725489952,3.3880637064617436,3.4041973646036103,9818_12112
1,1,80,1,39,80;81;90;357;368;361;411;294;295;358;356;307;415;298;299;302;300;301;296;297;305;96;94;95;306;309;311;312;409;63;61;364;310;54;55;303;417;57;29;0;1,92;94;108;449;461;453;526;353;356;451;446;379;536;361;364;370;365;367;357;360;374;115;111;114;377;382;384;385;521;69;67;456;383;58;59;372;540;60;34;1,2.0141424434861492,3.4009374146722076,3.4009593199054375,9817_12110
1,0,80,19,40,80;81;90;328;319;320;125;126;339;335;330;331;326;327;351;345;98;336;337;346;322;323;413;355;354;400;401;402;79;78;292;127;130;293;289;288;290;86;87;291;113;112;120;287;407;39;405;114;20;19,92;94;106;407;394;396;151;153;423;417;410;412;404;406;439;432;120;418;419;433;399;400;532;444;443;504;505;506;90;89;350;155;160;352;344;343;346;100;102;348;136;134;146;341;513;46;510;138;25,3.2031764574297537,4.751447810275078,4.753924781161929,12206_15027
1,0,80,109,41,80;81;90;328;319;320;125;126;339;335;330;331;326;327;351;345;98;336;337;346;322;323;413;355;354;400;401;402;79;78;292;127;130;293;289;288;290;86;87;291;113;112;120;287;407;109,92;94;106;407;394;396;151;153;423;417;410;412;404;406;439;432;120;418;419;433;399;400;532;444;443;504;505;506;90;89;350;155;160;352;344;343;346;100;102;348;136;134;146;341;514,2.877601998334721,4.276891422770469,4.279392818613483,11718_14309
1,0,80,111,42,80;81;90;328;319;320;125;126;339;335;330;331;326;327;351;345;98;336;337;346;322;323;413;355;354;400;401;402;79;78;292;127;130;293;289;288;290;86;87;291;113;112;110;111,92;94;106;407;394;396;151;153;423;417;410;412;404;406;439;432;120;418;419;433;399;400;532;444;443;504;505;506;90;89;350;155;160;352;344;343;346;100;102;348;136;132;129,2.687275529098885,3.974553435225886,3.9767180171997136,11016_13435
1,0,80,124,43,80;81;90;328;319;320;125;126;339;335;330;331;326;327;351;345;98;336;337;346;322;323;413;123;124,92;94;106;407;394;396;151;153;423;417;410;412;404;406;439;432;120;418;419;433;399;400;530;148,1.537717325114643,2.2673891784498172,2.267523708390887,6575_8003
1,0,80,128,44,80;81;90;328;319;320;125;126;339;335;330;331;326;327;351;345;98;336;337;346;322;323;413;355;354;400;401;402;79;78;292;127;128,92;94;106;407;394;396;151;153;423;417;410;412;404;406;439;432;120;418;419;433;399;400;532;444;443;504;505;506;90;89;350;154,1.8309866156312524,2.7070560932587266,2.7081803366298627,8944_10942
1,0,80,144,45,80;81;90;357;368;361;411;294;295;358;356;307;415;298;299;302;300;301;296;297;305;96;94;95;306;309;311;312;409;63;62;364;310;54;55;303;417;243;244;247;238;239;376;377;250;251;253;380;70;254;257;139;140;419;69;260;67;68;142;389;388;143;144,92;94;108;449;461;453;526;353;356;451;446;379;536;361;364;370;365;367;357;360;374;115;111;114;377;382;384;385;521;70;68;456;383;58;59;372;541;292;293;295;287;288;474;475;298;299;301;478;80;302;305;174;175;545;78;308;74;76;177;486;485;178,3.055233822560801,5.123631247015194,5.179723348611737,15778_19241
1,1,80,144,46,80;81;90;357;368;361;411;294;295;358;356;307;415;298;299;302;300;301;296;297;305;96;94;95;306;309;311;312;409;63;61;364;310;54;55;303;417;243;244;247;238;239;376;377;250;251;253;380;70;254;257;139;140;419;69;260;67;68;142;389;388;143;144,92;94;108;449;461;453;526;353;356;451;446;379;536;361;364;370;365;367;357;360;374;115;111;114;377;382;384;385;521;69;67;456;383;58;59;372;541;292;293;295;287;288;474;475;298;299;301;478;80;302;305;174;175;545;78;308;74;76;177;486;485;178,3.036909540556998,5.136504955225658,5.176485303913564,15777_19239
1,0,80,277,47,80;81;90;328;319;320;125;126;339;335;330;331;326;327;351;345;98;336;337;346;322;323;413;122;276;277,92;94;106;407;394;396;151;153;423;417;410;412;404;406;439;432;120;418;419;433;399;400;529;147;323,1.4824959300085747,2.1149828419754444,2.1151193444519745,7003_8324
1,0,80,385,48,80;81;90;348;390;391;392;12;11;279;280;393;394;282;281;278;136;135;137;385,92;94;107;435;488;489;490;15;14;328;330;493;494;333;331;325;169;166;172,1.1238892962332385,1.821728976519212,1.8220018862106817,4775_5365
1,0,80,387,49,80;81;90;357;368;361;411;294;295;358;356;307;415;298;299;302;300;301;296;297;305;96;94;95;306;309;311;312;409;63;62;364;310;54;55;303;417;243;244;247;238;239;376;377;250;251;253;380;70;254;257;139;140;419;84;25;26;387,92;94;108;449;461;453;526;353;356;451;446;379;536;361;364;370;365;367;357;360;374;115;111;114;377;382;384;385;521;70;68;456;383;58;59;372;541;292;293;295;287;288;474;475;298;299;301;478;80;302;305;174;175;546;97;30;31,2.805460623609678,4.7357621367410605,4.752131468644137,14630_17538
1,1,80,387,50,80;81;90;357;368;361;411;294;295;358;356;307;415;298;299;302;300;301;296;297;305;96;94;95;306;309;311;312;409;63;61;364;310;54;55;303;417;243;244;247;238;239;376;377;250;251;253;380;70;254;257;139;140;419;84;25;26;387,92;94;108;449;461;453;526;353;356;451;446;379;536;361;364;370;365;367;357;360;374;115;111;114;377;382;384;385;521;69;67;456;383;58;59;372;541;292;293;295;287;288;474;475;298;299;301;478;80;302;305;174;175;546;97;30;31,2.7871363416058754,4.748635844951526,4.748893423945964,14629_17536
1,0,80,397,51,80;81;90;348;390;391;392;12;11;279;280;393;394;282;281;278;136;135;283;9;10;396;397,92;94;107;435;488;489;490;15;14;328;330;493;494;333;331;325;169;167;335;9;12;498,1.4489418022294853,2.3546451152779584,2.3550518654388286,5348_6048
1,0,80,399,52,80;81;90;357;368;361;411;294;295;358;356;307;415;177;369;166;167;170;133;134;131;132;44;416;115;395;193;179;180;190;186;181;182;185;188;189;187;183;408;235;233;234;236;237;231;232;229;230;399,92;94;108;449;461;453;526;353;356;451;446;379;535;209;462;199;200;203;163;164;161;162;52;539;140;496;224;211;212;221;217;213;214;216;219;220;218;215;520;281;277;280;284;285;273;275;269;272,2.230920750121168,3.7259643577824275,3.726027807133536,11449_13469
1,0,111,1,53,111;110;112;215;214;223;222;213;212;225;409;63;62;364;310;54;55;303;417;57;29;0;1,131;130;135;249;247;261;258;244;243;265;521;70;68;456;383;58;59;372;540;60;34;1,2.258410279990555,3.5368453921993757,3.5529595931651885,3981_4785
1,1,111,1,54,111;110;112;215;214;223;222;213;212;225;409;63;61;364;310;54;55;303;417;57;29;0;1,131;130;135;249;247;261;258;244;243;265;521;69;67;456;383;58;59;372;540;60;34;1,2.2400859979867525,3.5497191004098396,3.5497215484670157,3980_4783
1,0,111,19,55,111;110;112;120;287;407;39;405;114;20;19,131;130;134;146;341;513;46;510;138;25,1.4338051623646961,2.1614955430745937,2.161923323588221,1744_2114
1,0,111,80,56,111;110;112;113;379;88;86;290;288;289;293;130;127;292;78;79;404;403;400;354;355;413;317;318;324;325;321;315;316;353;342;343;344;338;332;333;340;341;334;329;89;90;81;80,131;130;133;137;477;103;101;347;342;345;351;158;156;349;88;91;508;507;503;442;445;531;391;393;401;402;397;389;390;441;428;430;431;421;413;414;425;426;416;408;104;105;93,2.6877291311966403,3.9752689090381335,3.9752699562671676,11499_14093
1,0,111,109,57,111;110;112;120;287;407;109,131;130;134;146;341;514,1.1082307032696634,1.686939155569985,1.6873913610397748,1256_1396
1,0,111,124,58,111;110;112;113;379;88;86;290;288;289;293;130;127;292;78;79;404;403;400;354;355;413;123;124,131;130;133;137;477;103;101;347;342;345;351;158;156;349;88;91;508;507;503;442;445;530;148,1.76463022108442,2.6887068456634404,2.6887079158352973,5441_6522
1,0,111,128,59,111;110;112;113;379;88;86;290;288;289;293;130;127;128,131;130;133;137;477;103;101;347;342;345;351;158;154,1.0810580734959676,1.654869503680746,1.6548952367434975,2544_2909
1,0,111,144,60,111;110;112;215;214;223;222;213;212;225;409;63;62;364;310;54;55;303;417;243;244;247;238;239;376;377;250;251;253;380;70;254;257;139;140;419;69;260;67;68;142;389;388;143;144,131;130;135;249;247;261;258;244;243;265;521;70;68;456;383;58;59;372;541;292;293;295;287;288;474;475;298;299;301;478;80;302;305;174;175;545;78;308;74;76;177;486;485;178,3.281177377061404,5.272412932752825,5.328485577173315,9941_11914
1,1,111,144,61,111;110;112;215;214;223;222;213;212;225;409;63;61;364;310;54;55;303;417;243;244;247;238;239;376;377;250;251;253;380;70;254;257;139;140;419;69;260;67;68;142;389;388;143;144,131;130;135;249;247;261;258;244;243;265;521;69;67;456;383;58;59;372;541;292;293;295;287;288;474;475;298;299;301;478;80;302;305;174;175;545;78;308;74;76;177;486;485;178,3.2628530950576016,5.28528664096329,5.325247532475142,9940_11912
1,0,111,277,62,111;110;112;113;379;88;86;290;288;289;293;130;127;292;78;79;404;403;400;354;355;413;122;276;277,131;130;133;137;477;103;101;347;342;345;351;158;156;349;88;91;508;507;503;442;445;529;147;323,1.7094088259783515,2.5363005091890676,2.5363035518963852,5869_6843
1,0,111,385,63,111;110;112;113;379;88;86;290;288;289;293;130;127;292;78;79;404;403;400;354;355;413;317;318;324;325;321;315;316;353;342;343;344;338;332;333;340;341;334;329;89;90;348;390;391;392;12;11;279;280;393;394;282;281;278;136;135;137;385,131;130;133;137;477;103;101;347;342;345;351;158;156;349;88;91;508;507;503;442;445;531;391;393;401;402;397;389;390;441;428;430;431;421;413;414;425;426;416;408;104;107;435;488;489;490;15;14;328;330;493;494;333;331;325;169;166;172,3.3330495731169307,4.971979364211418,4.9722354585589335,15862_19074
1,0,111,387,64,111;110;112;215;214;223;222;213;212;225;409;63;62;364;310;54;55;303;417;243;244;247;238;239;376;377;250;251;253;380;70;254;257;139;140;419;84;25;26;387,131;130;135;249;247;261;258;244;243;265;521;70;68;456;383;58;59;372;541;292;293;295;287;288;474;475;298;299;301;478;80;302;305;174;175;546;97;30;31,3.0314041781102814,4.884543822478692,4.900893697205715,8793_10211
1,1,111,387,65,111;110;112;215;214;223;222;213;212;225;409;63;61;364;310;54;55;303;417;243;244;247;238;239;376;377;250;251;253;380;70;254;257;139;140;419;84;25;26;387,131;130;135;249;247;261;258;244;243;265;521;69;67;456;383;58;59;372;541;292;293;295;287;288;474;475;298;299;301;478;80;302;305;174;175;546;97;30;31,3.0130798961064786,4.897417530689157,4.8976556525075425,8792_10209
1,0,111,397,66,111;110;112;113;379;88;86;290;288;289;293;130;127;292;78;79;404;403;400;354;355;413;317;318;324;325;321;315;316;353;342;343;344;338;332;333;340;341;334;329;89;90;348;390;391;392;12;11;279;280;393;394;282;281;278;136;135;283;9;10;396;397,131;130;133;137;477;103;101;347;342;345;351;158;156;349;88;91;508;507;503;442;445;531;391;393;401;402;397;389;390;441;428;430;431;421;413;414;425;426;416;408;104;107;435;488;489;490;15;14;328;330;493;494;333;331;325;169;167;335;9;12;498,3.6581020791131778,5.504895502970164,5.505285437787081,16435_19757
1,0,111,399,67,111;110;112;215;214;223;222;213;212;225;409;217;216;224;221;220;406;83;73;71;72;384;226;408;235;233;234;236;237;231;232;229;230;399,131;130;135;249;247;261;258;244;243;265;522;252;251;263;256;255;511;95;83;81;82;483;266;520;281;277;280;284;285;273;275;269;272,2.5307268818273334,4.013872358832991,4.013894950555634,7583_8579
1,0,124,1,68,124;123;413;317;318;324;325;321;315;316;353;342;343;344;338;332;333;340;341;334;329;89;90;357;368;361;411;294;295;358;356;307;415;298;299;302;300;301;296;297;305;96;94;95;306;309;311;312;409;63;62;364;310;54;55;303;417;57;29;0;1,150;149;531;391;393;401;402;397;389;390;441;428;430;431;421;413;414;425;426;416;408;104;108;449;461;453;526;353;356;451;446;379;536;361;364;370;365;367;357;360;374;115;111;114;377;382;384;385;521;70;68;456;383;58;59;372;540;60;34;1,3.09143499819802,4.830193789401689,4.846313671163283,16371_20276
1,1,124,1,69,124;123;413;317;318;324;325;321;315;316;353;342;343;344;338;332;333;340;341;334;329;89;90;357;368;361;411;294;295;358;356;307;415;298;299;302;300;301;296;297;305;96;94;95;306;309;311;312;409;63;61;364;310;54;55;303;417;57;29;0;1,150;149;531;391;393;401;402;397;389;390;441;428;430;431;421;413;414;425;426;416;408;104;108;449;461;453;526;353;356;451;446;379;536;361;364;370;365;367;357;360;374;115;111;114;377;382;384;385;521;69;67;456;383;58;59;372;540;60;34;1,3.0731107161942166,4.843067497612153,4.84307562646511,16370_20274
1,0,124,19,70,124;123;413;355;354;400;401;402;79;78;292;127;130;293;289;288;290;86;87;291;113;112;120;287;407;39;405;114;20;19,150;149;532;444;443;504;505;506;90;89;350;155;160;352;344;343;346;100;102;348;136;134;146;341;513;46;510;138;25,2.279897349223905,3.4646451727364425,3.4669917228177645,6538_8001
1,0,124,80,71,124;123;413;317;318;324;325;321;315;316;353;342;343;344;338;332;333;340;341;334;329;89;90;81;80,150;149;531;391;393;401;402;397;389;390;441;428;430;431;421;413;414;425;426;416;408;104;105;93,1.5375371270210145,2.267148604285874,2.2671526904785915,6965_8548
1,0,124,109,72,124;123;413;355;354;400;401;402;79;78;292;127;130;293;289;288;290;86;87;291;113;112;120;287;407;109,150;149;532;444;443;504;505;506;90;89;350;155;160;352;344;343;346;100;102;348;136;134;146;341;514,1.9543228901288727,2.9900887852318343,2.992459760269319,6050_7283
1,0,124,111,73,124;123;413;355;354;400;401;402;79;78;292;127;130;293;289;288;290;86;87;291;113;112;110;111,150;149;532;444;443;504;505;506;90;89;350;155;160;352;344;343;346;100;102;348;136;132;129,1.7639964208930368,2.687750797687251,2.6897849588555487,5348_6409
1,0,124,128,74,124;123;413;355;354;400;401;402;79;78;292;127;128,150;149;532;444;443;504;505;506;90;89;350;154,0.9077075074254042,1.4202534557200912,1.4212472782856977,3276_3916
1,0,124,144,75,124;123;413;317;318;324;325;321;315;316;353;342;343;344;338;332;333;340;341;334;329;89;90;357;368;361;411;294;295;358;356;307;415;298;299;302;300;301;296;297;305;96;94;95;306;309;311;312;409;63;62;364;310;54;55;303;417;243;244;247;238;239;376;377;250;251;253;380;70;254;257;139;140;419;69;260;67;68;142;389;388;143;144,150;149;531;391;393;401;402;397;389;390;441;428;430;431;421;413;414;425;426;416;408;104;108;449;461;453;526;353;356;451;446;379;536;361;364;370;365;367;357;360;374;115;111;114;377;382;384;385;521;70;68;456;383;58;59;372;541;292;293;295;287;288;474;475;298;299;301;478;80;302;305;174;175;545;78;308;74;76;177;486;485;178,4.114202095268869,6.565761329955135,6.621839655171409,22331_27405
1,1,124,144,76,124;123;413;317;318;324;325;321;315;316;353;342;343;344;338;332;333;340;341;334;329;89;90;357;368;361;411;294;295;358;356;307;415;298;299;302;300;301;296;297;305;96;94;95;306;309;311;312;409;63;61;364;310;54;55;303;417;243;244;247;238;239;376;377;250;251;253;380;70;254;257;139;140;419;69;260;67;68;142;389;388;143;144,150;149;531;391;393;401;402;397;389;390;441;428;430;431;421;413;414;425;426;416;408;104;108;449;461;453;526;353;356;451;446;379;536;361;364;370;365;367;357;360;374;115;111;114;377;382;384;385;521;69;67;456;383;58;59;372;541;292;293;295;287;288;474;475;298;299;301;478;80;302;305;174;175;545;78;308;74;76;177;486;485;178,4.095877813265066,6.578635038165599,6.618601610473236,22330_27403
1,0,124,277,77,124;123;413;122;276;277,150;149;529;147;323,0.5592168218027267,0.8281802044368085,0.8281862861078091,1335_1298
1,0,124,385,78,124;123;413;317;318;324;325;321;315;316;353;342;343;344;338;332;333;340;341;334;329;89;90;348;390;391;392;12;11;279;280;393;394;282;281;278;136;135;137;385,150;149;531;391;393;401;402;397;389;390;441;428;430;431;421;413;414;425;426;416;408;104;107;435;488;489;490;15;14;328;330;493;494;333;331;325;169;166;172,2.1828575689413046,3.263859059459157,3.2641181927703564,11328_13529
1,0,124,387,79,124;123;413;317;318;324;325;321;315;316;353;342;343;344;338;332;333;340;341;334;329;89;90;357;368;361;411;294;295;358;356;307;415;298;299;302;300;301;296;297;305;96;94;95;306;309;311;312;409;63;62;364;310;54;55;303;417;243;244;247;238;239;376;377;250;251;253;380;70;254;257;139;140;419;84;25;26;387,150;149;531;391;393;401;402;397;389;390;441;428;430;431;421;413;414;425;426;416;408;104;108;449;461;453;526;353;356;451;446;379;536;361;364;370;365;367;357;360;374;115;111;114;377;382;384;385;521;70;68;456;383;58;59;372;541;292;293;295;287;288;474;475;298;299;301;478;80;302;305;174;175;546;97;30;31,3.864428896317746,6.177892219681002,6.194247775203809,21183_25702
1,1,124,387,80,124;123;413;317;318;324;325;321;315;316;353;342;343;344;338;332;333;340;341;334;329;89;90;357;368;361;411;294;295;358;356;307;415;298;299;302;300;301;296;297;305;96;94;95;306;309;311;312;409;63;61;364;310;54;55;303;417;243;244;247;238;239;376;377;250;251;253;380;70;254;257;139;140;419;84;25;26;387,150;149;531;391;393;401;402;397;389;390;441;428;430;431;421;413;414;425;426;416;408;104;108;449;461;453;526;353;356;451;446;379;536;361;364;370;365;367;357;360;374;115;111;114;377;382;384;385;521;69;67;456;383;58;59;372;541;292;293;295;287;288;474;475;298;299;301;478;80;302;305;174;175;546;97;30;31,3.846104614313943,6.190765927891466,6.191009730505637,21182_25700
1,0,124,397,81,124;123;413;317;318;324;325;321;315;316;353;342;343;344;338;332;333;340;341;334;329;89;90;348;390;391;392;12;11;279;280;393;394;282;281;278;136;135;283;9;10;396;397,150;149;531;391;393;401;402;397;389;390;441;428;430;431;421;413;414;425;426;416;408;104;107;435;488;489;490;15;14;328;330;493;494;333;331;325;169;167;335;9;12;498,2.5079100749375516,3.796775198217903,3.797168171998503,11901_14212
1,0,124,399,82,124;123;413;317;318;324;325;321;315;316;353;342;343;344;338;332;333;340;341;334;329;89;90;357;368;361;411;294;295;358;356;307;415;177;369;166;167;170;133;134;131;132;44;416;115;395;193;179;180;190;186;181;182;185;188;189;187;183;408;235;233;234;236;237;231;232;229;230;399,150;149;531;391;393;401;402;397;389;390;441;428;430;431;421;413;414;425;426;416;408;104;108;449;461;453;526;353;356;451;446;379;535;209;462;199;200;203;163;164;161;162;52;539;140;496;224;211;212;221;217;213;214;216;219;220;218;215;520;281;277;280;284;285;273;275;269;272,3.2898890228292355,5.1680944407223715,5.168144113693207,18002_21633
1,0,286,1,83,286;129;130;293;289;288;290;86;87;291;113;112;215;214;223;222;213;212;225;409;63;62;364;310;54;55;303;417;57;29;0;1,339;157;160;352;344;343;346;100;102;348;136;135;249;247;261;258;244;243;265;521;70;68;456;383;58;59;372;540;60;34;1,2.406688456137299,3.7847604156495387,3.801826762423501,6042_7251
1,1,286,1,84,286;129;130;293;289;288;290;86;87;291;113;112;215;214;223;222;213;212;225;409;63;61;364;310;54;55;303;417;57;29;0;1,339;157;160;352;344;343;346;100;102;348;136;135;249;247;261;258;244;243;265;521;69;67;456;383;58;59;372;540;60;34;1,2.388364174133496,3.7976341238600027,3.798588717725328,6041_7249
1,0,286,19,85,286;129;130;293;289;288;290;86;87;291;113;112;120;287;407;39;405;114;20;19,339;157;160;352;344;343;346;100;102;348;136;134;146;341;513;46;510;138;25,1.5820833385114395,2.409410566524757,2.4107904928465334,3805_4580
1,0,286,80,86,286;129;130;127;292;78;79;404;403;400;354;355;413;317;318;324;325;321;315;316;353;342;343;344;338;332;333;340;341;334;329;89;90;81;80,339;157;158;156;349;88;91;508;507;503;442;445;531;391;393;401;402;397;389;390;441;428;430;431;421;413;414;425;426;416;408;104;105;93,1.8460549044950096,2.729902604816704,2.7299052269413737,9755_11992
1,0,286,109,87,286;129;130;293;289;288;290;86;87;291;113;112;120;287;407;109,339;157;160;352;344;343;346;100;102;348;136;134;146;341;514,1.2565088794164068,1.9348541790201483,1.9362585302980873,3317_3862
1,0,286,111,88,286;129;130;293;289;288;290;86;87;291;113;112;110;111,339;157;160;352;344;343;346;100;102;348;136;132;129,1.066182410180571,1.632516191475565,1.6335837288843171,2615_2988
1,0,286,124,89,286;129;130;127;292;78;79;404;403;400;354;355;413;123;124,339;157;158;156;349;88;91;508;507;503;442;445;530;148,0.9229559943827905,1.4433405414420108,1.4433431865095034,3697_4421
1,0,286,128,90,286;129;130;127;128,339;157;158;154,0.23938384679433805,0.40950319945931696,0.4095305074177029,800_808
1,0,286,144,91,286;129;130;293;289;288;290;86;87;291;113;112;215;214;223;222;213;212;225;409;63;62;364;310;54;55;303;417;243;244;247;238;239;376;377;250;251;253;380;70;254;257;139;140;419;69;260;67;68;142;389;388;143;144,339;157;160;352;344;343;346;100;102;348;136;135;249;247;261;258;244;243;265;521;70;68;456;383;58;59;372;541;292;293;295;287;288;474;475;298;299;301;478;80;302;305;174;175;545;78;308;74;76;177;486;485;178,3.4294555532081477,5.520327956202987,5.577352746431627,12002_14380
1,1,286,144,92,286;129;130;293;289;288;290;86;87;291;113;112;215;214;223;222;213;212;225;409;63;61;364;310;54;55;303;417;243;244;247;238;239;376;377;250;251;253;380;70;254;257;139;140;419;69;260;67;68;142;389;388;143;144,339;157;160;352;344;343;346;100;102;348;136;135;249;247;261;258;244;243;265;521;69;67;456;383;58;59;372;541;292;293;295;287;288;474;475;298;299;301;478;80;302;305;174;175;545;78;308;74;76;177;486;485;178,3.4111312712043453,5.533201664413451,5.574114701733454,12001_14378
1,0,286,277,93,286;129;130;127;292;78;79;404;403;400;354;355;413;122;276;277,339;157;158;156;349;88;91;508;507;503;442;445;529;147;323,0.8677345992767223,1.2909342049676384,1.2909388225705913,4125_4742
1,0,286,385,94,286;129;130;127;292;78;79;404;403;400;354;355;413;317;318;324;325;321;315;316;353;342;343;344;338;332;333;340;341;334;329;89;90;348;390;391;392;12;11;279;280;393;394;282;281;278;136;135;137;385,339;157;158;156;349;88;91;508;507;503;442;445;531;391;393;401;402;397;389;390;441;428;430;431;421;413;414;425;426;416;408;104;107;435;488;489;490;15;14;328;330;493;494;333;331;325;169;166;172,2.4913753464152997,3.726613059989987,3.7268707292331382,14118_16973
1,0,286,387,95,286;129;130;293;289;288;290;86;87;291;113;112;215;214;223;222;213;212;225;409;63;62;364;310;54;55;303;417;243;244;247;238;239;376;377;250;251;253;380;70;254;257;139;140;419;84;25;26;387,339;157;160;352;344;343;346;100;102;348;136;135;249;247;261;258;244;243;265;521;70;68;456;383;58;59;372;541;292;293;295;287;288;474;475;298;299;301;478;80;302;305;174;175;546;97;30;31,3.179682354257025,5.132458845928854,5.149760866464027,10854_12677
1,1,286,387,96,286;129;130;293;289;288;290;86;87;291;113;112;215;214;223;222;213;212;225;409;63;61;364;310;54;55;303;417;243;244;247;238;239;376;377;250;251;253;380;70;254;257;139;140;419;84;25;26;387,339;157;160;352;344;343;346;100;102;348;136;135;249;247;261;258;244;243;265;521;69;67;456;383;58;59;372;541;292;293;295;287;288;474;475;298;299;301;478;80;302;305;174;175;546;97;30;31,3.1613580722532224,5.145332554139319,5.1465228217658545,10853_12675
1,0,286,397,97,286;129;130;127;292;78;79;404;403;400;354;355;413;317;318;324;325;321;315;316;353;342;343;344;338;332;333;340;341;334;329;89;90;348;390;391;392;12;11;279;280;393;394;282;281;278;136;135;283;9;10;396;397,339;157;158;156;349;88;91;508;507;503;442;445;531;391;393;401;402;397;389;390;441;428;430;431;421;413;414;425;426;416;408;104;107;435;488;489;490;15;14;328;330;493;494;333;331;325;169;167;335;9;12;498,2.8164278524115467,4.259529198748733,4.259920708461285,14691_17656
1,0,286,399,98,286;129;130;293;289;288;290;86;87;291;113;112;215;214;223;222;213;212;225;409;217;216;224;221;220;406;83;73;71;72;384;226;408;235;233;234;236;237;231;232;229;230;399,339;157;160;352;344;343;346;100;102;348;136;135;249;247;261;258;244;243;265;522;252;251;263;256;255;511;95;83;81;82;483;266;520;281;277;280;284;285;273;275;269;272,2.679005057974077,4.261787382283154,4.262762119813946,9644_11045
1,0,352,1,99,352;349;350;413;317;318;324;325;321;315;316;353;342;343;344;338;332;333;340;341;334;329;89;90;357;368;361;411;294;295;358;356;307;415;298;299;302;300;301;296;297;305;96;94;95;306;309;311;312;409;63;62;364;310;54;55;303;417;57;29;0;1,440;436;438;531;391;393;401;402;397;389;390;441;428;430;431;421;413;414;425;426;416;408;104;108;449;461;453;526;353;356;451;446;379;536;361;364;370;365;367;357;360;374;115;111;114;377;382;384;385;521;70;68;456;383;58;59;372;540;60;34;1,2.9196751463332795,4.521528805490066,4.537645202395514,17175_21291
1,1,352,1,100,352;349;350;413;317;318;324;325;321;315;316;353;342;343;344;338;332;333;340;341;334;329;89;90;357;368;361;411;294;295;358;356;307;415;298;299;302;300;301;296;297;305;96;94;95;306;309;311;312;409;63;61;364;310;54;55;303;417;57;29;0;1,440;436;438;531;391;393;401;402;397;389;390;441;428;430;431;421;413;414;425;426;416;408;104;108;449;461;453;526;353;356;451;446;379;536;361;364;370;365;367;357;360;374;115;111;114;377;382;384;385;521;69;67;456;383;58;59;372;540;60;34;1,2.9013508643294763,4.534402513700529,4.534407157697341,17174_21289
1,0,352,19,101,352;349;350;413;355;354;400;401;402;79;78;292;127;130;293;289;288;290;86;87;291;113;112;120;287;407;39;405;114;20;19,440;436;438;532;444;443;504;505;506;90;89;350;155;160;352;344;343;346;100;102;348;136;134;146;341;513;46;510;138;25,2.108137497359166,3.155980188824818,3.1583232540499946,7342_9016
1,0,352,80,102,352;349;350;413;317;318;324;325;321;315;316;353;342;343;344;338;332;333;340;341;334;329;89;90;81;80,440;436;438;531;391;393;401;402;397;389;390;441;428;430;431;421;413;414;425;426;416;408;104;105;93,1.3657772751562751,1.95848362037425,1.9584842217108216,7769_9563
1,0,352,109,103,352;349;350;413;355;354;400;401;402;79;78;292;127;130;293;289;288;290;86;87;291;113;112;120;287;407;109,440;436;438;532;444;443;504;505;506;90;89;350;155;160;352;344;343;346;100;102;348;136;134;146;341;514,1.7825630382641333,2.68142380132021,2.683791291501549,6854_8298
1,0,352,111,104,352;349;350;413;355;354;400;401;402;79;78;292;127;130;293;289;288;290;86;87;291;113;112;110;111,440;436;438;532;444;443;504;505;506;90;89;350;155;160;352;344;343;346;100;102;348;136;132;129,1.5922365690282974,2.3790858137756263,2.381116490087779,6152_7424
1,0,352,124,105,352;349;350;413;123;124,440;436;438;530;148,0.44267836504405533,0.6719215569995568,0.6719221812789515,1711_1992
1,0,352,128,106,352;349;350;413;355;354;400;401;402;79;78;292;127;128,440;436;438;532;444;443;504;505;506;90;89;350;154,0.7359476555606647,1.1115884718084668,1.112578809517928,4080_4931
1,0,352,144,107,352;349;350;413;317;318;324;325;321;315;316;353;342;343;344;338;332;333;340;341;334;329;89;90;357;368;361;411;294;295;358;356;307;415;298;299;302;300;301;296;297;305;96;94;95;306;309;311;312;409;63;62;364;310;54;55;303;417;243;244;247;238;239;376;377;250;251;253;380;70;254;257;139;140;419;69;260;67;68;142;389;388;143;144,440;436;438;531;391;393;401;402;397;389;390;441;428;430;431;421;413;414;425;426;416;408;104;108;449;461;453;526;353;356;451;446;379;536;361;364;370;365;367;357;360;374;115;111;114;377;382;384;385;521;70;68;456;383;58;59;372;541;292;293;295;287;288;474;475;298;299;301;478;80;302;305;174;175;545;78;308;74;76;177;486;485;178,3.9424422434041286,6.257096346043512,6.313171186403641,23135_28420
1,1,352,144,108,352;349;350;413;317;318;324;325;321;315;316;353;342;343;344;338;332;333;340;341;334;329;89;90;357;368;361;411;294;295;358;356;307;415;298;299;302;300;301;296;297;305;96;94;95;306;309;311;312;409;63;61;364;310;54;55;303;417;243;244;247;238;239;376;377;250;251;253;380;70;254;257;139;140;419;69;260;67;68;142;389;388;143;144,440;436;438;531;391;393;401;402;397;389;390;441;428;430;431;421;413;414;425;426;416;408;104;108;449;461;453;526;353;356;451;446;379;536;361;364;370;365;367;357;360;374;115;111;114;377;382;384;385;521;69;67;456;383;58;59;372;541;292;293;295;287;288;474;475;298;299;301;478;80;302;305;174;175;545;78;308;74;76;177;486;485;178,3.9241179614003254,6.269970054253975,6.309933141705468,23134_28418
1,0,352,277,109,352;349;350;276;277,440;436;437;323,0.33263325338337457,0.44855854781048965,0.4485590434168548,1604_1636
1,0,352,385,110,352;349;350;413;317;318;324;325;321;315;316;353;342;343;344;338;332;333;340;341;334;329;89;90;348;390;391;392;12;11;279;280;393;394;282;281;278;136;135;137;385,440;436;438;531;391;393;401;402;397;389;390;441;428;430;431;421;413;414;425;426;416;408;104;107;435;488;489;490;15;14;328;330;493;494;333;331;325;169;166;172,2.0110977170765656,2.9551940755475328,2.955449724002586,12132_14544
1,0,352,387,111,352;349;350;413;317;318;324;325;321;315;316;353;342;343;344;338;332;333;340;341;334;329;89;90;357;368;361;411;294;295;358;356;307;415;298;299;302;300;301;296;297;305;96;94;95;306;309;311;312;409;63;62;364;310;54;55;303;417;243;244;247;238;239;376;377;250;251;253;380;70;254;257;139;140;419;84;25;26;387,440;436;438;531;391;393;401;402;397;389;390;441;428;430;431;421;413;414;425;426;416;408;104;108;449;461;453;526;353;356;451;446;379;536;361;364;370;365;367;357;360;374;115;111;114;377;382;384;385;521;70;68;456;383;58;59;372;541;292;293;295;287;288;474;475;298;299;301;478;80;302;305;174;175;546;97;30;31,3.6926690444530057,5.8692272357693795,5.885579306436041,21987_26717
1,1,352,387,112,352;349;350;413;317;318;324;325;321;315;316;353;342;343;344;338;332;333;340;341;334;329;89;90;357;368;361;411;294;295;358;356;307;415;298;299;302;300;301;296;297;305;96;94;95;306;309;311;312;409;63;61;364;310;54;55;303;417;243;244;247;238;239;376;377;250;251;253;380;70;254;257;139;140;419;84;25;26;387,440;436;438;531;391;393;401;402;397;389;390;441;428;430;431;421;413;414;425;426;416;408;104;108;449;461;453;526;353;356;451;446;379;536;361;364;370;365;367;357;360;374;115;111;114;377;382;384;385;521;69;67;456;383;58;59;372;541;292;293;295;287;288;474;475;298;299;301;478;80;302;305;174;175;546;97;30;31,3.6743447624492025,5.882100943979843,5.882341261737868,21986_26715
1,0,352,397,113,352;349;350;413;317;318;324;325;321;315;316;353;342;343;344;338;332;333;340;341;334;329;89;90;348;390;391;392;12;11;279;280;393;394;282;281;278;136;135;283;9;10;396;397,440;436;438;531;391;393;401;402;397;389;390;441;428;430;431;421;413;414;425;426;416;408;104;107;435;488;489;490;15;14;328;330;493;494;333;331;325;169;167;335;9;12;498,2.336150223072812,3.4881102143062788,3.4884997032307328,12705_15227
1,0,352,399,114,352;349;350;413;317;318;324;325;321;315;316;353;342;343;344;338;332;333;340;341;334;329;89;90;357;368;361;411;294;295;358;356;307;415;177;369;166;167;170;133;134;131;132;44;416;115;395;193;179;180;190;186;181;182;185;188;189;187;183;408;235;233;234;236;237;231;232;229;230;399,440;436;438;531;391;393;401;402;397;389;390;441;428;430;431;421;413;414;425;426;416;408;104;108;449;461;453;526;353;356;451;446;379;535;209;462;199;200;203;163;164;161;162;52;539;140;496;224;211;212;221;217;213;214;216;219;220;218;215;520;281;277;280;284;285;273;275;269;272,3.118129170964496,4.859429456810748,4.859475644925439,18806_22648
1,0,385,1,115,385;137;138;136;278;281;282;394;393;280;279;11;12;392;390;348;90;357;368;361;411;294;295;358;356;307;415;298;299;302;300;301;296;297;305;96;94;95;306;309;311;312;409;63;62;364;310;54;55;303;417;57;29;0;1,484;171;173;170;326;332;334;495;492;329;327;13;16;491;487;434;108;449;461;453;526;353;356;451;446;379;536;361;364;370;365;367;357;360;374;115;111;114;377;382;384;385;521;70;68;456;383;58;59;372;540;60;34;1,2.6714491654964143,4.375001226767317,4.391549062243006,13793_17000
1,1,385,1,116,385;137;138;136;278;281;282;394;393;280;279;11;12;392;390;348;90;357;368;361;411;294;295;358;356;307;415;298;299;302;300;301;296;297;305;96;94;95;306;309;311;312;409;63;61;364;310;54;55;303;417;57;29;0;1,484;171;173;170;326;332;334;495;492;329;327;13;16;491;487;434;108;449;461;453;526;353;356;451;446;379;536;361;364;370;365;367;357;360;374;115;111;114;377;382;384;385;521;69;67;456;383;58;59;372;540;60;34;1,2.6531248834926116,4.387874934977781,4.388311017544833,13792_16998
1,0,385,19,117,385;137;138;136;278;281;282;394;393;280;279;11;12;392;390;348;90;328;319;320;125;126;339;335;330;331;326;327;351;345;98;336;337;346;322;323;413;355;354;400;401;402;79;78;292;127;130;293;289;288;290;86;87;291;113;112;120;287;407;39;405;114;20;19,484;171;173;170;326;332;334;495;492;329;327;13;16;491;487;434;106;407;394;396;151;153;423;417;410;412;404;406;439;432;120;418;419;433;399;400;532;444;443;504;505;506;90;89;350;155;160;352;344;343;346;100;102;348;136;134;146;341;513;46;510;138;25,3.8421588974362146,5.738385330580651,5.741276478801325,16181_19915
1,0,385,80,118,385;137;138;136;278;281;282;394;393;280;279;11;12;392;390;348;90;81;80,484;171;173;170;326;332;334;495;492;329;327;13;16;491;487;434;105;93,1.1175512943194104,1.8119560416515021,1.8123880815583135,4387_5272
1,0,385,109,119,385;137;138;136;278;281;282;394;393;280;279;11;12;392;390;348;90;328;319;320;125;126;339;335;330;331;326;327;351;345;98;336;337;346;322;323;413;355;354;400;401;402;79;78;292;127;130;293;289;288;290;86;87;291;113;112;120;287;407;109,484;171;173;170;326;332;334;495;492;329;327;13;16;491;487;434;106;407;394;396;151;153;423;417;410;412;404;406;439;432;120;418;419;433;399;400;532;444;443;504;505;506;90;89;350;155;160;352;344;343;346;100;102;348;136;134;146;341;514,3.516584438341182,5.263828943076042,5.266744516252879,15693_19197
1,0,385,111,120,385;137;138;136;278;281;282;394;393;280;279;11;12;392;390;348;90;328;319;320;125;126;339;335;330;331;326;327;351;345;98;336;337;346;322;323;413;355;354;400;401;402;79;78;292;127;130;293;289;288;290;86;87;291;113;112;110;111,484;171;173;170;326;332;334;495;492;329;327;13;16;491;487;434;106;407;394;396;151;153;423;417;410;412;404;406;439;432;120;418;419;433;399;400;532;444;443;504;505;506;90;89;350;155;160;352;344;343;346;100;102;348;136;132;129,3.3262579691053458,4.961490955531459,4.964069714839109,14991_18323
1,0,385,124,121,385;137;138;136;278;281;282;394;393;280;279;11;12;392;390;348;90;328;319;320;125;126;339;335;330;331;326;327;351;345;98;336;337;346;322;323;413;123;124,484;171;173;170;326;332;334;495;492;329;327;13;16;491;487;434;106;407;394;396;151;153;423;417;410;412;404;406;439;432;120;418;419;433;399;400;530;148,2.1766997651211057,3.2543266987553903,3.2548754060302816,10550_12891
1,0,385,128,122,385;137;138;136;278;281;282;394;393;280;279;11;12;392;390;348;90;328;319;320;125;126;339;335;330;331;326;327;351;345;98;336;337;346;322;323;413;355;354;400;401;402;79;78;292;127;128,484;171;173;170;326;332;334;495;492;329;327;13;16;491;487;434;106;407;394;396;151;153;423;417;410;412;404;406;439;432;120;418;419;433;399;400;532;444;443;504;505;506;90;89;350;154,2.469969055637714,3.6939936135643006,3.6955320342692577,12919_15830
1,0,385,144,123,385;137;138;136;107;105;103;104;145;146;383;31;30;22;418;416;115;395;193;179;180;190;186;181;182;185;188;189;187;183;408;51;209;202;201;195;196;206;203;204;118;119;205;207;208;419;69;260;67;68;142;389;388;143;144,484;171;173;168;128;126;123;125;180;182;481;38;36;28;544;539;140;496;224;211;212;221;217;213;214;216;219;220;218;215;519;57;240;233;232;226;227;237;234;235;143;144;236;238;239;545;78;308;74;76;177;486;485;178,2.1315881044403295,3.78740592805125,3.8274154879110576,10560_12609
1,0,385,277,124,385;137;138;136;278;281;282;394;393;280;279;11;12;392;390;348;90;328;319;320;125;126;339;335;330;331;326;327;351;345;98;336;337;346;322;323;413;122;276;277,484;171;173;170;326;332;334;495;492;329;327;13;16;491;487;434;106;407;394;396;151;153;423;417;410;412;404;406;439;432;120;418;419;433;399;400;529;147;323,2.1214783700150375,3.1019203622810174,3.1024710420913695,10978_13212
1,0,385,387,125,385;137;138;136;107;105;103;104;145;146;383;31;30;22;418;416;115;395;193;179;180;190;186;181;182;185;188;189;187;183;408;51;209;202;201;195;196;206;203;204;118;119;205;207;208;419;84;25;26;387,484;171;173;168;128;126;123;125;180;182;481;38;36;28;544;539;140;496;224;211;212;221;217;213;214;216;219;220;218;215;519;57;240;233;232;226;227;237;234;235;143;144;236;238;239;546;97;30;31,1.8818149054892068,3.3995368177771184,3.3998236079434583,9412_10906
1,0,385,397,126,385;137;138;136;135;283;9;10;396;397,484;171;173;169;167;335;9;12;498,0.5286204282500901,0.8410685226552501,0.8413937860739902,2026_2018
1,0,385,399,127,385;137;138;136;107;105;103;104;145;146;383;31;30;22;418;416;115;395;193;179;180;190;186;181;182;185;188;189;187;183;408;235;233;234;236;237;231;232;229;230;399,484;171;173;168;128;126;123;125;180;182;481;38;36;28;544;539;140;496;224;211;212;221;217;213;214;216;219;220;218;215;520;281;277;280;284;285;273;275;269;272,1.4007294915928266,2.3671784489848537,2.367395289839161,8443_9778
1,0,397,1,128,397;396;10;9;283;135;136;278;281;282;394;393;280;279;11;12;392;390;348;90;357;368;361;411;294;295;358;356;307;415;298;299;302;300;301;296;297;305;96;94;95;306;309;311;312;409;63;62;364;310;54;55;303;417;57;29;0;1,499;497;11;10;336;165;170;326;332;334;495;492;329;327;13;16;491;487;434;108;449;461;453;526;353;356;451;446;379;536;361;364;370;365;367;357;360;374;115;111;114;377;382;384;385;521;70;68;456;383;58;59;372;540;60;34;1,3.003796587420931,4.919229975043009,4.935612593366135,14363_17690
1,1,397,1,129,397;396;10;9;283;135;136;278;281;282;394;393;280;279;11;12;392;390;348;90;357;368;361;411;294;295;358;356;307;415;298;299;302;300;301;296;297;305;96;94;95;306;309;311;312;409;63;61;364;310;54;55;303;417;57;29;0;1,499;497;11;10;336;165;170;326;332;334;495;492;329;327;13;16;491;487;434;108;449;461;453;526;353;356;451;446;379;536;361;364;370;365;367;357;360;374;115;111;114;377;382;384;385;521;69;67;456;383;58;59;372;540;60;34;1,2.9854723054171277,4.932103683253472,4.932374548667962,14362_17688
1,0,397,19,130,397;396;10;9;283;135;136;278;281;282;394;393;280;279;11;12;392;390;348;90;328;319;320;125;126;339;335;330;331;326;327;351;345;98;336;337;346;322;323;413;355;354;400;401;402;79;78;292;127;130;293;289;288;290;86;87;291;113;112;120;287;407;39;405;114;20;19,499;497;11;10;336;165;170;326;332;334;495;492;329;327;13;16;491;487;434;106;407;394;396;151;153;423;417;410;412;404;406;439;432;120;418;419;433;399;400;532;444;443;504;505;506;90;89;350;155;160;352;344;343;346;100;102;348;136;134;146;341;513;46;510;138;25,4.174506319360731,6.282614078856343,6.285340009924456,16751_20605
1,0,397,80,131,397;396;10;9;283;135;136;278;281;282;394;393;280;279;11;12;392;390;348;90;81;80,499;497;11;10;336;165;170;326;332;334;495;492;329;327;13;16;491;487;434;105;93,1.449898716243926,2.3561847899271933,2.356451612681444,4957_5962
1,0,397,109,132,397;396;10;9;283;135;136;278;281;282;394;393;280;279;11;12;392;390;348;90;328;319;320;125;126;339;335;330;331;326;327;351;345;98;336;337;346;322;323;413;355;354;400;401;402;79;78;292;127;130;293;289;288;290;86;87;291;113;112;120;287;407;109,499;497;11;10;336;165;170;326;332;334;495;492;329;327;13;16;491;487;434;106;407;394;396;151;153;423;417;410;412;404;406;439;432;120;418;419;433;399;400;532;444;443;504;505;506;90;89;350;155;160;352;344;343;346;100;102;348;136;134;146;341;514,3.848931860265698,5.808057691351735,5.8108080473760095,16263_19887
1,0,397,111,133,397;396;10;9;283;135;136;278;281;282;394;393;280;279;11;12;392;390;348;90;328;319;320;125;126;339;335;330;331;326;327;351;345;98;336;337;346;322;323;413;355;354;400;401;402;79;78;292;127;130;293;289;288;290;86;87;291;113;112;110;111,499;497;11;10;336;165;170;326;332;334;495;492;329;327;13;16;491;487;434;106;407;394;396;151;153;423;417;410;412;404;406;439;432;120;418;419;433;399;400;532;444;443;504;505;506;90;89;350;155;160;352;344;343;346;100;102;348;136;132;129,3.658605391029862,5.505719703807151,5.50813324596224,15561_19013
1,0,397,124,134,397;396;10;9;283;135;136;278;281;282;394;393;280;279;11;12;392;390;348;90;328;319;320;125;126;339;335;330;331;326;327;351;345;98;336;337;346;322;323;413;123;124,499;497;11;10;336;165;170;326;332;334;495;492;329;327;13;16;491;487;434;106;407;394;396;151;153;423;417;410;412;404;406;439;432;120;418;419;433;399;400;530;148,2.509047187045622,3.7985554470310814,3.7989389371534124,11120_13581
1,0,397,128,135,397;396;10;9;283;135;136;278;281;282;394;393;280;279;11;12;392;390;348;90;328;319;320;125;126;339;335;330;331;326;327;351;345;98;336;337;346;322;323;413;355;354;400;401;402;79;78;292;127;128,499;497;11;10;336;165;170;326;332;334;495;492;329;327;13;16;491;487;434;106;407;394;396;151;153;423;417;410;412;404;406;439;432;120;418;419;433;399;400;532;444;443;504;505;506;90;89;350;154,2.80231647756223,4.238222361839991,4.2395955653923885,13489_16520
1,0,397,144,136,397;396;10;9;283;135;136;107;105;103;104;145;146;383;31;30;22;418;416;115;395;193;179;180;190;186;181;182;185;188;189;187;183;408;51;209;202;201;195;196;206;203;204;118;119;205;207;208;419;69;260;67;68;142;389;388;143;144,499;497;11;10;336;165;168;128;126;123;125;180;182;481;38;36;28;544;539;140;496;224;211;212;221;217;213;214;216;219;220;218;215;519;57;240;233;232;226;227;237;234;235;143;144;236;238;239;545;78;308;74;76;177;486;485;178,2.4639355263648453,4.331634676326941,4.3714790190341875,11130_13299
1,0,397,277,137,397;396;10;9;283;135;136;278;281;282;394;393;280;279;11;12;392;390;348;90;328;319;320;125;126;339;335;330;331;326;327;351;345;98;336;337;346;322;323;413;122;276;277,499;497;11;10;336;165;170;326;332;334;495;492;329;327;13;16;491;487;434;106;407;394;396;151;153;423;417;410;412;404;406;439;432;120;418;419;433;399;400;529;147;323,2.453825791939553,3.6461491105567085,3.6465345732145003,11548_13902
1,0,397,385,138,397;396;10;9;283;135;137;385,499;497;11;10;336;166;172,0.522767097070849,0.8312256025762115,0.8312441231969093,1752_1691
1,0,397,387,139,397;396;10;9;283;135;136;107;105;103;104;145;146;383;31;30;22;418;416;115;395;193;179;180;190;186;181;182;185;188;189;187;183;408;51;209;202;201;195;196;206;203;204;118;119;205;207;208;419;84;25;26;387,499;497;11;10;336;165;168;128;126;123;125;180;182;481;38;36;28;544;539;140;496;224;211;212;221;217;213;214;216;219;220;218;215;519;57;240;233;232;226;227;237;234;235;143;144;236;238;239;546;97;30;31,2.2141623274137228,3.94376556605281,3.9438871390665877,9982_11596
1,0,397,399,140,397;396;10;9;283;135;136;107;105;103;104;145;146;383;31;30;22;418;416;115;395;193;179;180;190;186;181;182;185;188;189;187;183;408;235;233;234;236;237;231;232;229;230;399,499;497;11;10;336;165;168;128;126;123;125;180;182;481;38;36;28;544;539;140;496;224;211;212;221;217;213;214;216;219;220;218;215;520;281;277;280;284;285;273;275;269;272,1.733076913517342,2.9114071972605453,2.9114588209622907,9013_10468
1,0,399,1,141,399;230;229;232;231;237;236;234;233;235;408;8;6;7;398;406;220;221;224;216;217;409;63;62;364;310;54;55;303;417;57;29;0;1,502;271;270;276;274;286;283;279;278;282;518;8;6;7;501;512;254;257;262;250;253;521;70;68;456;383;58;59;372;540;60;34;1,1.894279642586402,3.1724818506455175,3.189949056959231,6951_8451
1,1,399,1,142,399;230;229;232;231;237;236;234;233;235;408;8;6;7;398;406;220;221;224;216;217;409;63;61;364;310;54;55;303;417;57;29;0;1,502;271;270;276;274;286;283;279;278;282;518;8;6;7;501;512;254;257;262;250;253;521;69;67;456;383;58;59;372;540;60;34;1,1.8759553605825992,3.1853555588559814,3.1867110122610582,6950_8449
1,0,399,19,143,399;230;229;232;231;237;236;234;233;235;408;8;6;7;398;406;220;221;224;216;217;409;225;212;213;222;223;214;215;112;120;287;407;39;405;114;20;19,502;271;270;276;274;286;283;279;278;282;518;8;6;7;501;512;254;257;262;250;253;523;264;242;245;259;260;246;248;134;146;341;513;46;510;138;25,3.047752494811538,4.780938989167846,4.783326874622664,8283_9969
1,0,399,80,144,399;230;229;232;231;237;236;234;233;235;408;5;191;192;194;178;147;416;3;163;174;168;169;164;165;175;176;171;415;307;356;358;295;294;411;361;368;357;90;81;80,502;271;270;276;274;286;283;279;278;282;517;5;222;223;225;210;184;538;4;196;206;201;202;197;198;207;208;204;537;378;447;450;355;354;527;452;460;448;105;93,2.247803447375943,3.8014896484295235,3.8026956264796983,9528_11554
1,0,399,109,145,399;230;229;232;231;237;236;234;233;235;408;8;6;7;398;406;220;221;224;216;217;409;225;212;213;222;223;214;215;112;120;287;407;109,502;271;270;276;274;286;283;279;278;282;518;8;6;7;501;512;254;257;262;250;253;523;264;242;245;259;260;246;248;134;146;341;514,2.7221780357165053,4.306382601663238,4.308794912074218,7795_9251
1,0,399,111,146,399;230;229;232;231;237;236;234;233;235;408;8;6;7;398;406;220;221;224;216;217;409;225;212;213;222;223;214;215;112;110;111,502;271;270;276;274;286;283;279;278;282;518;8;6;7;501;512;254;257;262;250;253;523;264;242;245;259;260;246;248;132;129,2.531851566480669,4.004044614118655,4.006120110660448,7093_8377
1,0,399,124,147,399;230;229;232;231;237;236;234;233;235;408;5;191;192;194;178;147;416;3;163;174;168;169;164;165;175;176;171;415;307;356;358;295;294;411;361;368;357;90;328;319;320;125;126;339;335;330;331;326;327;351;345;98;336;337;346;322;323;413;123;124,502;271;270;276;274;286;283;279;278;282;517;5;222;223;225;210;184;538;4;196;206;201;202;197;198;207;208;204;537;378;447;450;355;354;527;452;460;448;106;407;394;396;151;153;423;417;410;412;404;406;439;432;120;418;419;433;399;400;530;148,3.306951918177639,5.243860305533411,5.245182950951666,15691_19173
1,0,399,128,148,399;230;229;232;231;237;236;234;233;235;408;8;6;7;398;406;220;221;224;216;217;409;225;212;213;222;223;214;215;112;113;379;88;86;290;288;289;293;130;127;128,502;271;270;276;274;286;283;279;278;282;518;8;6;7;501;512;254;257;262;250;253;523;264;242;245;259;260;246;248;133;137;477;103;101;347;342;345;351;158;154,2.6950054059428084,4.274312949773998,4.276298787777941,9083_10764
1,0,399,144,149,399;230;229;232;231;237;236;234;233;235;408;51;209;202;201;195;196;206;203;204;118;119;205;207;208;419;69;260;67;68;142;389;388;143;144,502;271;270;276;274;286;283;279;278;282;519;57;240;233;232;226;227;237;234;235;143;144;236;238;239;545;78;308;74;76;177;486;485;178,1.34053711459356,2.39730315472048,2.4383077542372096,7517_8848
1,0,399,277,150,399;230;229;232;231;237;236;234;233;235;408;5;191;192;194;178;147;416;3;163;174;168;169;164;165;175;176;171;415;307;356;358;295;294;411;361;368;357;90;328;319;320;125;126;339;335;330;331;326;327;351;345;98;336;337;346;322;323;413;122;276;277,502;271;270;276;274;286;283;279;278;282;517;5;222;223;225;210;184;538;4;196;206;201;202;197;198;207;208;204;537;378;447;450;355;354;527;452;460;448;106;407;394;396;151;153;423;417;410;412;404;406;439;432;120;418;419;433;399;400;529;147;323,3.2517305230715703,5.091453969059038,5.092778587012753,16119_19494
1,0,399,385,151,399;230;229;232;231;237;236;234;233;235;408;5;191;192;194;178;147;23;410;22;30;31;383;146;145;104;106;99;100;135;137;385,502;271;270;276;274;286;283;279;278;282;517;5;222;223;225;210;183;29;525;27;37;39;482;181;179;124;127;121;122;166;172,1.403985484732872,2.447391677588772,2.448617744998272,6067_6917
1,0,399,387,152,399;230;229;232;231;237;236;234;233;235;408;51;209;202;201;195;196;206;203;204;118;119;205;207;208;419;84;25;26;387,502;271;270;276;274;286;283;279;278;282;519;57;240;233;232;226;227;237;234;235;143;144;236;238;239;546;97;30;31,1.0907639156424371,2.009434044446348,2.0107158742696103,6369_7145
1,0,399,397,153,399;230;229;232;231;237;236;234;233;235;408;5;191;192;194;178;147;23;410;22;30;31;383;146;145;104;106;99;100;135;283;9;10;396;397,502;271;270;276;274;286;283;279;278;282;517;5;222;223;225;210;183;29;525;27;37;39;482;181;179;124;127;121;122;167;335;9;12;498,1.729037990729119,2.980307816347518,2.9816677242264187,6640_7600
