name,node_id,osm_node_id,ctrl_type,x_coord,y_coord,is_boundary,activity_type,poi_id,zone_id,notes
,0,4397029810,,113.318393,23.129984,,,,,
,1,4739868621,,113.318760,23.129012,,,,,
,2,2507456076,,113.319743,23.119953,,,,,
,3,4416428862,,113.320038,23.120602,,,,,
,4,4539454360,,113.315687,23.126088,,,,,
,5,7205451586,,113.315792,23.125626,,,,,
,6,4739868623,,113.315774,23.124842,,,,,
,7,299852979,,113.313136,23.113789,,,,,
,8,4614013059,,113.310990,23.111496,,,,,
,9,300104353,,113.305422,23.110375,,,,,
,10,300104585,,113.300505,23.114725,,,,,
,11,300104629,,113.300187,23.113139,,,,,
,12,300104355,,113.302410,23.109878,,,,,
,13,299852915,,113.302657,23.111244,,,,,
,14,4389823256,,113.305459,23.110782,,,,,
,15,2543139926,,113.316193,23.116622,,,,,
,16,5312833594,,113.315823,23.117029,,,,,
,17,4434711904,,113.315766,23.126587,,,,,
,18,4539469294,,113.315662,23.126524,,,,,
,19,320572782,,113.311193,23.120293,,,,,
,20,3790036458,,113.311182,23.119403,,,,,
,21,320573107,,113.311174,23.118649,,,,,
,22,320573080,,113.311157,23.117118,,,,,
,23,320571782,,113.315658,23.118644,,,,,
,24,4418968032,,113.313007,23.118647,,,,,
,25,320574085,,113.312919,23.118647,,,,,
,26,320572279,,113.315831,23.118626,,,,,
,27,2543137526,,113.316908,23.118545,,,,,
,28,4418968005,,113.317225,23.124736,,,,,
,29,4418968003,,113.315950,23.124831,,,,,
,30,5210866951,,113.315131,23.130082,,,,,
,31,6001112966,,113.315835,23.129684,,,,,
,32,7205402168,,113.315826,23.126897,,,,,
,33,320579422,,113.315832,23.128339,,,,,
,34,2098818816,,113.316041,23.126564,,,,,
,35,7205402169,,113.315955,23.126891,,,,,
,36,4434711923,,113.315980,23.127332,,,,,
,37,8003896468,,113.315982,23.127437,,,,,
,38,8003896466,,113.316012,23.129016,,,,,
,39,2528952104,,113.316021,23.129681,,,,,
,40,320579550,,113.313252,23.128531,,,,,
,41,4457608730,,113.315917,23.123468,,,,,
,42,6453866422,,113.316650,23.123415,,,,,
,43,4504141780,,113.315379,23.126478,,,,,
,44,6953311374,,113.310665,23.126590,,,,,
,45,2098818814,,113.310779,23.126583,,,,,
,46,4418967998,,113.313125,23.126426,,,,,
,47,4533573528,,113.313205,23.126416,,,,,
,48,8401696017,,113.310585,23.126594,,,,,
,49,6953311373,,113.311881,23.126513,,,,,
,50,4076874817,,113.345603,23.119786,,,,,
,51,5117881033,,113.342939,23.119902,,,,,
,52,4416383553,,113.296859,23.122836,,,,,
,53,4271692745,,113.301453,23.122408,,,,,
,54,4416383539,,113.302344,23.122351,,,,,
,55,4453046929,,113.309753,23.114180,,,,,
,56,2567611114,,113.308900,23.112498,,,,,
,57,2567607411,,113.308962,23.112504,,,,,
,58,4464934467,,113.309841,23.112661,,,,,
,59,4377394785,,113.310114,23.137365,,,,,
,60,4407878494,,113.309868,23.139491,,,,,
,61,4423062835,,113.310001,23.130578,,,,,
,62,4453032218,,113.310033,23.133221,,,,,
,63,481023425,,113.309991,23.130109,,,,,
,64,481023239,,113.302077,23.130176,,,,,
,65,5063251190,,113.303301,23.130780,,,,,
,66,2337747939,,113.312975,23.130852,,,,,
,67,4539660102,,113.309992,23.132339,,,,,
,68,2417357969,,113.306146,23.133953,,,,,
,69,481024088,,113.328795,23.129476,,,,,
,70,481024116,,113.321993,23.129920,,,,,
,71,481023849,,113.314497,23.130272,,,,,
,72,5063251183,,113.316900,23.130069,,,,,
,73,481024273,,113.321978,23.129804,,,,,
,74,481024559,,113.328787,23.129364,,,,,
,75,4397029809,,113.316487,23.130351,,,,,
,76,5200099117,,113.332084,23.129070,,,,,
,77,481024384,,113.302044,23.130304,,,,,
,78,2339008813,,113.300861,23.129624,,,,,
,79,5063251185,,113.302101,23.132011,,,,,
,80,4377419905,,113.307428,23.136675,,,,,
,81,4405299196,,113.308802,23.136556,,,,,
,82,4466203694,,113.306325,23.136853,,,,,
,83,481138187,,113.310221,23.135312,,,,,
,84,383272169,,113.309909,23.138590,,,,,
,85,4407874809,,113.309834,23.136835,,,,,
,86,4377394775,,113.309096,23.136760,,,,,
,87,481138336,,113.309900,23.130096,,,,,
,88,4414895235,,113.309789,23.128416,,,,,
,89,1330412450,,113.309833,23.138590,,,,,
,90,4453046928,,113.309963,23.133122,,,,,
,91,2335240437,,113.308211,23.133037,,,,,
,92,7771621333,,113.306325,23.133949,,,,,
,93,481025538,,113.302439,23.136177,,,,,
,94,300613928,,113.302589,23.139031,,,,,
,95,583405054,,113.322813,23.131832,,,,,
,96,4376714536,,113.322907,23.131827,,,,,
,97,6594753314,,113.324199,23.131744,,,,,
,98,5230838899,,113.326573,23.131357,,,,,
,99,2048647429,,113.328068,23.131313,,,,,
,100,4386516524,,113.322951,23.137629,,,,,
,101,4376694149,,113.323021,23.137629,,,,,
,102,3022645857,,113.316159,23.133789,,,,,
,103,4377669628,,113.316241,23.133785,,,,,
,104,482703419,,113.346286,23.112315,,,,,
,105,5499248612,,113.346517,23.115330,,,,,
,106,2722986591,,113.345813,23.105238,,,,,
,107,320747002,,113.346128,23.112324,,,,,
,108,2722986567,,113.345654,23.105271,,,,,
,109,3078377493,,113.331669,23.137351,,,,,
,110,3078377496,,113.331402,23.138135,,,,,
,111,3073355266,,113.330907,23.139833,,,,,
,112,3071380106,,113.330478,23.141306,,,,,
,113,3071380114,,113.331009,23.139540,,,,,
,114,3071380128,,113.330977,23.139645,,,,,
,115,3078377501,,113.331292,23.138508,,,,,
,116,4739830190,,113.331900,23.136679,,,,,
,117,4467802827,,113.328516,23.132157,,,,,
,118,4467802822,,113.328734,23.132268,,,,,
,119,925085353,,113.331768,23.136325,,,,,
,120,925085354,,113.331922,23.134746,,,,,
,121,2874102820,,113.346001,23.135663,,,,,
,122,2880086650,,113.350121,23.137126,,,,,
,123,925155663,,113.350481,23.137429,,,,,
,124,2880085676,,113.347636,23.137853,,,,,
,125,4475331982,,113.352079,23.137146,,,,,
,126,925155689,,113.351042,23.137430,,,,,
,127,7599552923,,113.346964,23.137696,,,,,
,128,2880086658,,113.347184,23.137672,,,,,
,129,479754836,,113.343235,23.138354,,,,,
,130,3975594308,,113.344237,23.138172,,,,,
,131,3547375081,,113.344937,23.138054,,,,,
,132,3774520177,,113.328233,23.130047,,,,,
,133,4399213365,,113.328480,23.131933,,,,,
,134,4418803063,,113.328817,23.129589,,,,,
,135,6426638601,,113.338056,23.128947,,,,,
,136,4467987245,,113.337942,23.128581,,,,,
,137,943242109,,113.331007,23.118026,,,,,
,138,6909820393,,113.331061,23.119174,,,,,
,139,943242111,,113.331051,23.116839,,,,,
,140,943242108,,113.331086,23.115319,,,,,
,141,4773024621,,113.333119,23.116547,,,,,
,142,4772966769,,113.328558,23.116977,,,,,
,143,943242115,,113.333076,23.117597,,,,,
,144,943242118,,113.335052,23.120734,,,,,
,145,943242128,,113.337861,23.122075,,,,,
,146,5072592592,,113.341889,23.114214,,,,,
,147,4127811494,,113.342110,23.116876,,,,,
,148,5072592608,,113.342310,23.119426,,,,,
,149,5117881030,,113.342346,23.119741,,,,,
,150,943242148,,113.341823,23.113763,,,,,
,151,4127811493,,113.340714,23.116950,,,,,
,152,7837687561,,113.340439,23.117811,,,,,
,153,6203797715,,113.339470,23.118339,,,,,
,154,4127811468,,113.339016,23.118401,,,,,
,155,943242114,,113.337765,23.115792,,,,,
,156,4416448562,,113.337928,23.115781,,,,,
,157,4127811483,,113.338960,23.115725,,,,,
,158,7837687556,,113.339872,23.115836,,,,,
,159,943242163,,113.337972,23.118526,,,,,
,160,4690625764,,113.332892,23.120425,,,,,
,161,4416448726,,113.333040,23.118790,,,,,
,162,5312833590,,113.335178,23.120176,,,,,
,163,5312833591,,113.335346,23.118528,,,,,
,164,4418999102,,113.315295,23.116675,,,,,
,165,4460408093,,113.313266,23.116855,,,,,
,166,4419106008,,113.312684,23.116896,,,,,
,167,1040805481,,113.325579,23.137622,,,,,
,168,1040805423,,113.325670,23.139709,,,,,
,169,4260837472,,113.318209,23.136071,,,,,
,170,4867381983,,113.318091,23.133705,,,,,
,171,1040805461,,113.320417,23.133602,,,,,
,172,4513386091,,113.320751,23.136014,,,,,
,173,1040805484,,113.324062,23.139698,,,,,
,174,1040805479,,113.324073,23.137624,,,,,
,175,1040805482,,113.325519,23.136070,,,,,
,176,5272996415,,113.323118,23.139692,,,,,
,177,4377598941,,113.328067,23.139755,,,,,
,178,5260355277,,113.303692,23.137879,,,,,
,179,1165567792,,113.303590,23.138847,,,,,
,180,4377421501,,113.303847,23.137244,,,,,
,181,4404321590,,113.306666,23.141286,,,,,
,182,1184713095,,113.313138,23.106817,,,,,
,183,1184713251,,113.312768,23.109067,,,,,
,184,4278042618,,113.312991,23.106532,,,,,
,185,1184713222,,113.317919,23.107425,,,,,
,186,4385545753,,113.317851,23.107414,,,,,
,187,4278042622,,113.324976,23.109214,,,,,
,188,4385566192,,113.321562,23.109797,,,,,
,189,4468048480,,113.356617,23.125625,,,,,
,190,1988629277,,113.356804,23.124657,,,,,
,191,4061622725,,113.357680,23.121386,,,,,
,192,6063931129,,113.352501,23.112378,,,,,
,193,6063931133,,113.352568,23.112371,,,,,
,194,5066720092,,113.339034,23.114125,,,,,
,195,4416461541,,113.337830,23.114285,,,,,
,196,1184781632,,113.357912,23.114209,,,,,
,197,1184781577,,113.360181,23.114249,,,,,
,198,2550900744,,113.322736,23.116084,,,,,
,199,4546566526,,113.325308,23.115871,,,,,
,200,481024805,,113.338629,23.128664,,,,,
,201,6431702178,,113.342788,23.128216,,,,,
,202,4546589920,,113.322821,23.116267,,,,,
,203,4397065622,,113.322549,23.116709,,,,,
,204,4424693915,,113.353211,23.126390,,,,,
,205,4708372610,,113.355075,23.125977,,,,,
,206,943242260,,113.322744,23.116178,,,,,
,207,1187415550,,113.331111,23.110379,,,,,
,208,6431382829,,113.328658,23.109366,,,,,
,209,1187415583,,113.333104,23.110499,,,,,
,210,1187415284,,113.336212,23.109673,,,,,
,211,1187415366,,113.338267,23.109075,,,,,
,212,1187415476,,113.336241,23.109748,,,,,
,213,1187415546,,113.333082,23.110412,,,,,
,214,1187468482,,113.321939,23.108094,,,,,
,215,2052210678,,113.321943,23.108746,,,,,
,216,1187468050,,113.321924,23.109647,,,,,
,217,1187468280,,113.322797,23.107807,,,,,
,218,1187467904,,113.323291,23.107005,,,,,
,219,1187468490,,113.321641,23.105579,,,,,
,220,1187468088,,113.322645,23.105722,,,,,
,221,2052210698,,113.324284,23.107638,,,,,
,222,4377444731,,113.311310,23.136634,,,,,
,223,4407874815,,113.310260,23.136856,,,,,
,224,4426389965,,113.310341,23.136408,,,,,
,225,1330412507,,113.312610,23.136509,,,,,
,226,1330412344,,113.307934,23.136772,,,,,
,227,1330412443,,113.311298,23.136438,,,,,
,228,4377452134,,113.311688,23.136415,,,,,
,229,1330412427,,113.307929,23.136704,,,,,
,230,1330412401,,113.312604,23.136439,,,,,
,231,4443907063,,113.314363,23.136350,,,,,
,232,4405299198,,113.306353,23.136936,,,,,
,233,4453062189,,113.314365,23.136462,,,,,
,234,4530035481,,113.313907,23.136509,,,,,
,235,1184781582,,113.344560,23.127811,,,,,
,236,2723033637,,113.345789,23.127504,,,,,
,237,1333636644,,113.350681,23.127068,,,,,
,238,1333636746,,113.349190,23.127435,,,,,
,239,279960056,,113.351174,23.140014,,,,,
,240,2874102660,,113.350089,23.139045,,,,,
,241,2723033645,,113.346114,23.127238,,,,,
,242,1333636727,,113.347250,23.127414,,,,,
,243,1333637144,,113.346580,23.124935,,,,,
,244,2722982172,,113.346706,23.121687,,,,,
,245,5211851937,,113.344398,23.127740,,,,,
,246,4548682149,,113.346938,23.124293,,,,,
,247,2722982189,,113.346832,23.125491,,,,,
,248,4548682150,,113.347131,23.127061,,,,,
,249,1333637221,,113.347351,23.127270,,,,,
,250,1333636621,,113.346452,23.124939,,,,,
,251,1333637026,,113.346513,23.124230,,,,,
,252,482703466,,113.351172,23.139783,,,,,
,253,482703469,,113.352248,23.141149,,,,,
,254,1333636819,,113.346735,23.124949,,,,,
,255,482703452,,113.346250,23.131576,,,,,
,256,2722982198,,113.346025,23.133851,,,,,
,257,1333636604,,113.347939,23.127655,,,,,
,258,4512498909,,113.348355,23.127188,,,,,
,259,4417666055,,113.345529,23.128096,,,,,
,260,1333637137,,113.350517,23.126787,,,,,
,261,4512498913,,113.351090,23.126718,,,,,
,262,1333636886,,113.351653,23.126675,,,,,
,263,4739868479,,113.322403,23.125991,,,,,
,264,1338135259,,113.320669,23.125957,,,,,
,265,4434711899,,113.316138,23.126154,,,,,
,266,2367598221,,113.317855,23.126107,,,,,
,267,1338135277,,113.322837,23.125968,,,,,
,268,4565303099,,113.337305,23.138246,,,,,
,269,3106337246,,113.337364,23.137513,,,,,
,270,4416448534,,113.337753,23.132499,,,,,
,271,300613937,,113.299960,23.129093,,,,,
,272,1952510847,,113.305413,23.116046,,,,,
,273,1953651103,,113.304517,23.116105,,,,,
,274,1952510859,,113.306374,23.115997,,,,,
,275,1952510860,,113.307356,23.115990,,,,,
,276,1953651043,,113.309091,23.115936,,,,,
,277,1952510843,,113.304405,23.116115,,,,,
,278,1952510867,,113.312980,23.116739,,,,,
,279,6875261761,,113.313864,23.121087,,,,,
,280,4418948272,,113.313018,23.121109,,,,,
,281,5021418972,,113.314658,23.121066,,,,,
,282,1952513889,,113.315702,23.121039,,,,,
,283,1953651097,,113.304040,23.118521,,,,,
,284,4267548892,,113.304709,23.118523,,,,,
,285,1953651039,,113.307946,23.118542,,,,,
,286,2550885346,,113.309714,23.118554,,,,,
,287,4267662789,,113.306676,23.118539,,,,,
,288,2098850804,,113.306500,23.118541,,,,,
,289,5171347121,,113.309093,23.117052,,,,,
,290,1953651016,,113.309094,23.117138,,,,,
,291,1953651044,,113.303010,23.119338,,,,,
,292,1953651030,,113.304698,23.119427,,,,,
,293,1953652969,,113.303006,23.124119,,,,,
,294,1953651027,,113.304578,23.124436,,,,,
,295,4416383555,,113.302727,23.122385,,,,,
,296,1953651153,signal,113.304661,23.122360,,,,,
,297,1953651033,,113.303983,23.117162,,,,,
,298,1953651080,,113.304461,23.117173,,,,,
,299,4210312489,,113.303499,23.126265,,,,,
,300,4210310988,,113.303287,23.126251,,,,,
,301,1953652971,,113.302768,23.124369,,,,,
,302,5260355270,,113.306782,23.138076,,,,,
,303,1969862580,,113.306326,23.139088,,,,,
,304,1969862581,,113.307090,23.137679,,,,,
,305,6588011510,,113.307052,23.137017,,,,,
,306,1969862953,,113.308160,23.137576,,,,,
,307,4708372606,,113.351712,23.122233,,,,,
,308,1988629248,,113.351197,23.119647,,,,,
,309,4513386092,,113.346945,23.127404,,,,,
,310,2049196194,,113.346946,23.126616,,,,,
,311,4708372611,,113.355984,23.124006,,,,,
,312,4511731201,,113.364804,23.117451,,,,,
,313,4511731078,,113.365774,23.117448,,,,,
,314,4511871617,,113.366164,23.122991,,,,,
,315,4816360665,,113.365228,23.119542,,,,,
,316,4468064909,,113.362478,23.123956,,,,,
,317,4468064908,,113.361793,23.122237,,,,,
,318,4475331981,,113.356775,23.136315,,,,,
,319,4555073690,,113.356736,23.136258,,,,,
,320,1988629240,,113.358545,23.118356,,,,,
,321,1988629235,,113.356198,23.118025,,,,,
,322,4563744779,,113.355196,23.131396,,,,,
,323,6063931131,,113.355215,23.133368,,,,,
,324,4566746745,,113.356990,23.133972,,,,,
,325,4565230274,,113.355222,23.133962,,,,,
,326,1988660563,,113.360197,23.141049,,,,,
,327,1988660548,,113.361568,23.137352,,,,,
,328,4565230275,,113.357369,23.131394,,,,,
,329,1988660533,,113.357287,23.131392,,,,,
,330,1988660570,,113.360456,23.143391,,,,,
,331,4478186787,,113.361700,23.134570,,,,,
,332,4527874997,,113.328106,23.119312,,,,,
,333,4526455121,,113.326199,23.119451,,,,,
,334,5530260097,,113.328277,23.128166,,,,,
,335,5530260109,,113.327780,23.128433,,,,,
,336,4386508435,,113.322705,23.131153,,,,,
,337,4386508434,,113.322594,23.131154,,,,,
,338,5530260096,,113.338111,23.126721,,,,,
,339,5238965220,,113.337934,23.126730,,,,,
,340,4398353640,,113.328208,23.126779,,,,,
,341,5530260112,,113.328205,23.127206,,,,,
,342,4418398165,,113.328124,23.126366,,,,,
,343,1988694043,,113.309615,23.124620,,,,,
,344,5741862271,,113.307915,23.124560,,,,,
,345,1989013768,,113.346438,23.104308,,,,,
,346,2483137448,,113.346425,23.107517,,,,,
,347,1988676125,,113.322643,23.123299,,,,,
,348,4385468602,,113.323089,23.123544,,,,,
,349,2048647309,,113.328703,23.135027,,,,,
,350,4553978022,,113.328394,23.132964,,,,,
,351,4416170780,,113.328232,23.138839,,,,,
,352,2048647330,,113.328350,23.137632,,,,,
,353,2048647418,,113.328667,23.136546,,,,,
,354,2048647370,,113.328284,23.121634,,,,,
,355,4397761924,,113.328203,23.124208,,,,,
,356,4385453382,,113.328837,23.115609,,,,,
,357,4385454297,,113.328593,23.115903,,,,,
,358,6562564605,,113.328555,23.118386,,,,,
,359,2048647405,,113.328814,23.135016,,,,,
,360,2048647411,,113.328779,23.136554,,,,,
,361,2613182233,,113.328264,23.129616,,,,,
,362,5001117158,,113.327765,23.129297,,,,,
,363,4478955188,,113.328341,23.139001,,,,,
,364,2048660631,,113.328890,23.129219,,,,,
,365,4478955184,,113.328223,23.129258,,,,,
,366,2048660604,,113.328767,23.128768,,,,,
,367,481040790,,113.338630,23.128781,,,,,
,368,481040802,,113.337559,23.128858,,,,,
,369,481024786,,113.337589,23.128748,,,,,
,370,4418803062,,113.334176,23.129146,,,,,
,371,5238965219,,113.335850,23.128740,,,,,
,372,5238965218,,113.335717,23.126882,,,,,
,373,2051903370,,113.305725,23.130402,,,,,
,374,7793671084,,113.305798,23.130378,,,,,
,375,2051903140,,113.306948,23.130477,,,,,
,376,7771621345,,113.306992,23.131117,,,,,
,377,5826878937,,113.306945,23.129150,,,,,
,378,5598609757,,113.306937,23.129235,,,,,
,379,5598609758,,113.307017,23.128339,,,,,
,380,2051903142,,113.307216,23.131853,,,,,
,381,4386523130,,113.328571,23.109923,,,,,
,382,2052210687,,113.328453,23.107308,,,,,
,383,4377419904,,113.307427,23.136595,,,,,
,384,2098805116,,113.308490,23.134014,,,,,
,385,4210333433,,113.309062,23.133821,,,,,
,386,5291954084,,113.307887,23.117161,,,,,
,387,2098850802,,113.307378,23.117158,,,,,
,388,4271692481,,113.305690,23.117151,,,,,
,389,1953651066,,113.306412,23.117149,,,,,
,390,2098805112,,113.307670,23.133411,,,,,
,391,4210328329,,113.308045,23.133772,,,,,
,392,2098818804,,113.310666,23.126852,,,,,
,393,5070078281,,113.311800,23.125159,,,,,
,394,4418968002,,113.313088,23.125068,,,,,
,395,320574338,,113.313171,23.125063,,,,,
,396,320577232,,113.310605,23.125236,,,,,
,397,4418948288,,113.313076,23.122366,,,,,
,398,4575367456,,113.312985,23.122371,,,,,
,399,2098843817,,113.315736,23.122626,,,,,
,400,4457679260,,113.315262,23.122180,,,,,
,401,2098843808,,113.315639,23.117774,,,,,
,402,2098843812,,113.312996,23.117812,,,,,
,403,4739868627,,113.315084,23.121939,,,,,
,404,4739868628,,113.315718,23.121395,,,,,
,405,2507456021,,113.325334,23.123349,,,,,
,406,2507456070,,113.325316,23.121666,,,,,
,407,2166360665,,113.325334,23.125378,,,,,
,408,481023466,,113.310950,23.132606,,,,,
,409,481024161,,113.311991,23.131299,,,,,
,410,481024383,,113.302919,23.130727,,,,,
,411,481023328,,113.308348,23.132110,,,,,
,412,2337746626,,113.309703,23.130292,,,,,
,413,4539660105,,113.314509,23.130365,,,,,
,414,2335240418,,113.312092,23.131180,,,,,
,415,2339008855,,113.302224,23.133944,,,,,
,416,2363220515,,113.364679,23.127416,,,,,
,417,2363220095,,113.366201,23.127738,,,,,
,418,2363220120,,113.366245,23.127732,,,,,
,419,2363220511,,113.367218,23.127518,,,,,
,420,2363220124,,113.368865,23.128778,,,,,
,421,2363220512,,113.366452,23.124609,,,,,
,422,2367596651,,113.318333,23.126508,,,,,
,423,2367596655,,113.320077,23.126439,,,,,
,424,299851889,,113.319789,23.127994,,,,,
,425,299851791,,113.318696,23.128114,,,,,
,426,2367598212,,113.317872,23.126189,,,,,
,427,6594497805,,113.316143,23.126471,,,,,
,428,2048660630,,113.320663,23.125871,,,,,
,429,2507456092,,113.322331,23.125641,,,,,
,430,2409473957,,113.310801,23.131644,,,,,
,431,4467209853,,113.311370,23.131378,,,,,
,432,8338816164,,113.310236,23.128335,,,,,
,433,3017910562,,113.311586,23.128669,,,,,
,434,4418967888,,113.313178,23.128536,,,,,
,435,2409475536,,113.309858,23.121768,,,,,
,436,2409475543,,113.309861,23.123137,,,,,
,437,2409475541,,113.309729,23.123129,,,,,
,438,2409475532,,113.309732,23.121768,,,,,
,439,481138118,,113.309867,23.135326,,,,,
,440,3353312876,,113.310150,23.135695,,,,,
,441,2411152640,,113.310161,23.131257,,,,,
,442,2453717329,,113.310240,23.131864,,,,,
,443,4424996165,,113.309648,23.131962,,,,,
,444,2412891160,,113.309825,23.131252,,,,,
,445,5286065740,,113.313439,23.130710,,,,,
,446,4467209852,,113.311504,23.131573,,,,,
,447,4424996163,,113.314367,23.130502,,,,,
,448,2411143180,,113.309953,23.135699,,,,,
,449,3353312869,,113.309917,23.133153,,,,,
,450,4414727440,,113.309589,23.132104,,,,,
,451,4414727449,,113.308938,23.132133,,,,,
,452,6552011238,,113.307407,23.133220,,,,,
,453,4163036941,,113.308402,23.132782,,,,,
,454,481355701,,113.306288,23.133787,,,,,
,455,2335240421,,113.310239,23.132463,,,,,
,456,4468064914,,113.310079,23.133018,,,,,
,457,2335240430,,113.308173,23.132979,,,,,
,458,2409473916,,113.312062,23.131130,,,,,
,459,5598609761,,113.309742,23.129156,,,,,
,460,4419070748,,113.312959,23.122075,,,,,
,461,4575302669,,113.313041,23.122068,,,,,
,462,2052210675,,113.328571,23.106192,,,,,
,463,2421388002,,113.328198,23.120353,,,,,
,464,4385454307,,113.328266,23.118619,,,,,
,465,2052211315,,113.329024,23.106773,,,,,
,466,4386691571,,113.328682,23.109922,,,,,
,467,2048647408,,113.328161,23.121635,,,,,
,468,2048647416,,113.328322,23.116742,,,,,
,469,2421388000,,113.328327,23.120369,,,,,
,470,2421387983,,113.328450,23.116748,,,,,
,471,4386691572,,113.328428,23.117638,,,,,
,472,2421394455,,113.327956,23.127660,,,,,
,473,4400550034,,113.328000,23.126151,,,,,
,474,583405067,,113.328281,23.131204,,,,,
,475,4399213364,,113.328352,23.131727,,,,,
,476,2421394457,,113.328161,23.131222,,,,,
,477,4385453348,,113.327940,23.129491,,,,,
,478,2421394456,,113.328082,23.127674,,,,,
,479,2048660608,,113.328073,23.129487,,,,,
,480,2422469027,,113.309742,23.116142,,,,,
,481,2052562694,,113.310919,23.107121,,,,,
,482,4464949545,,113.310174,23.111854,,,,,
,483,2098818798,,113.309866,23.126036,,,,,
,484,4377460395,,113.316579,23.136156,,,,,
,485,3002921287,,113.337506,23.138437,,,,,
,486,943235625,,113.335790,23.138052,,,,,
,487,4377421477,,113.302586,23.137253,,,,,
,488,4375615299,,113.291552,23.137130,,,,,
,489,2481237054,,113.302472,23.137190,,,,,
,490,4278042620,,113.324830,23.109068,,,,,
,491,4385534548,,113.327627,23.108867,,,,,
,492,2052208763,,113.320469,23.109821,,,,,
,493,2483137447,,113.346452,23.107650,,,,,
,494,7082720388,,113.353964,23.106680,,,,,
,495,320769078,,113.320831,23.123468,,,,,
,496,3412148495,,113.322484,23.123364,,,,,
,497,4416461527,,113.357966,23.112128,,,,,
,498,6063931132,,113.352609,23.112546,,,,,
,499,2048660628,,113.328876,23.125171,,,,,
,500,7206175551,,113.331003,23.124901,,,,,
,501,5070078279,,113.325208,23.117840,,,,,
,502,4773024214,,113.325195,23.116794,,,,,
,503,4526434058,,113.325230,23.119524,,,,,
,504,2507462209,,113.325123,23.121097,,,,,
,505,1184781776,,113.355292,23.126055,,,,,
,506,1184781759,,113.358044,23.125328,,,,,
,507,4417218042,,113.359664,23.124816,,,,,
,508,1184781637,,113.355317,23.126160,,,,,
,509,4478186788,,113.352944,23.126639,,,,,
,510,2528952099,,113.358082,23.125434,,,,,
,511,2550885341,,113.318004,23.116471,,,,,
,512,4575367455,,113.313135,23.126682,,,,,
,513,4418948412,,113.313140,23.130379,,,,,
,514,4460408094,,113.313187,23.116915,,,,,
,515,4739868625,,113.313011,23.120290,,,,,
,516,2550885385,,113.315783,23.116580,,,,,
,517,4419015392,,113.316176,23.116524,,,,,
,518,2550885392,,113.315255,23.116506,,,,,
,519,2550892382,,113.315302,23.116762,,,,,
,520,2550900737,,113.320165,23.116333,,,,,
,521,4460408090,,113.319199,23.116446,,,,,
,522,2550900735,,113.320164,23.116239,,,,,
,523,4546566525,,113.322721,23.116003,,,,,
,524,4773024219,,113.324600,23.116151,,,,,
,525,5070078277,,113.323851,23.116200,,,,,
,526,4460408089,,113.325337,23.116019,,,,,
,527,2550885327,,113.317993,23.116384,,,,,
,528,4418982301,,113.318993,23.116254,,,,,
,529,2550885258,,113.315276,23.116584,,,,,
,530,4416227864,,113.316374,23.121818,,,,,
,531,4416227859,,113.316677,23.121876,,,,,
,532,5117881024,,113.315884,23.121387,,,,,
,533,2551976679,,113.318156,23.125976,,,,,
,534,4739868622,,113.317654,23.124992,,,,,
,535,4457649171,,113.316354,23.122121,,,,,
,536,2551976630,,113.315903,23.122610,,,,,
,537,2551976692,,113.317550,23.121917,,,,,
,538,4539469296,,113.315893,23.122091,,,,,
,539,4457679259,,113.317669,23.122556,,,,,
,540,4416227874,,113.317412,23.122046,,,,,
,541,2551976622,,113.320819,23.124471,,,,,
,542,2551976614,,113.320345,23.125794,,,,,
,543,2551976721,,113.317546,23.121798,,,,,
,544,2551976629,,113.320818,23.121528,,,,,
,545,3412148396,,113.322448,23.121383,,,,,
,546,2551976815,,113.320830,23.121645,,,,,
,547,1330412509,,113.300217,23.147954,,,,,
,548,2559433475,,113.302525,23.141573,,,,,
,549,1330412410,,113.302472,23.139029,,,,,
,550,4406983177,,113.302318,23.137330,,,,,
,551,2559433508,,113.300314,23.148035,,,,,
,552,383272039,,113.309256,23.111993,,,,,
,553,4426653658,,113.309136,23.111981,,,,,
,554,4414895504,,113.309967,23.116125,,,,,
,555,2422469054,,113.309962,23.117491,,,,,
,556,4453046930,,113.308399,23.111915,,,,,
,557,4464934466,,113.309079,23.112165,,,,,
,558,1330412496,,113.309085,23.136538,,,,,
,559,4404385889,,113.309833,23.136357,,,,,
,560,4418398167,,113.334147,23.128930,,,,,
,561,4417667477,,113.344175,23.128330,,,,,
,562,4548682151,,113.343600,23.128446,,,,,
,563,4397029814,,113.332914,23.129254,,,,,
,564,4467502832,,113.332212,23.129354,,,,,
,565,2700943225,,113.316282,23.135839,,,,,
,566,2722982167,,113.346869,23.121686,,,,,
,567,5072592974,,113.346424,23.116056,,,,,
,568,2722986563,,113.346357,23.115332,,,,,
,569,2722986612,,113.346679,23.120028,,,,,
,570,1333636633,,113.346942,23.128186,,,,,
,571,4076920769,,113.346243,23.126100,,,,,
,572,2723112768,,113.346959,23.120096,,,,,
,573,2049196207,,113.347202,23.120889,,,,,
,574,4548682148,,113.346722,23.118639,,,,,
,575,2723112814,,113.347014,23.120886,,,,,
,576,2723112781,,113.347013,23.122154,,,,,
,577,2874102802,,113.345867,23.133843,,,,,
,578,279960064,,113.345999,23.132547,,,,,
,579,2874102684,,113.346150,23.129670,,,,,
,580,3905903835,,113.346199,23.128659,,,,,
,581,2722982173,,113.346134,23.130683,,,,,
,582,925155720,,113.351237,23.139557,,,,,
,583,2874281970,,113.350845,23.139917,,,,,
,584,2874281969,,113.350786,23.139861,,,,,
,585,2879277395,,113.345808,23.138062,,,,,
,586,4556814232,,113.344390,23.138341,,,,,
,587,4555030749,,113.345793,23.137998,,,,,
,588,2880086614,,113.350152,23.137306,,,,,
,589,2874088329,,113.351135,23.139460,,,,,
,590,4556791724,,113.351203,23.137136,,,,,
,591,925155462,,113.350164,23.137377,,,,,
,592,925155675,,113.346702,23.137501,,,,,
,593,2880085665,,113.345965,23.136374,,,,,
,594,925155618,,113.345612,23.137887,,,,,
,595,4721430120,,113.345958,23.136374,,,,,
,596,2973567884,,113.316352,23.109779,,,,,
,597,2973567881,,113.316377,23.109650,,,,,
,598,3002921286,,113.337526,23.138375,,,,,
,599,479754831,,113.338630,23.138625,,,,,
,600,3017910561,,113.311488,23.126823,,,,,
,601,3017910559,,113.311668,23.130007,,,,,
,602,4377657272,,113.315853,23.130728,,,,,
,603,4467209851,,113.315209,23.130448,,,,,
,604,4377657271,,113.316030,23.130751,,,,,
,605,2551976817,,113.317550,23.121704,,,,,
,606,320769294,,113.318078,23.121371,,,,,
,607,3071380115,,113.330474,23.139248,,,,,
,608,3073355269,,113.330344,23.139188,,,,,
,609,3081237256,,113.330249,23.139161,,,,,
,610,3081237253,,113.329692,23.139003,,,,,
,611,3071380116,,113.329636,23.138987,,,,,
,612,3071380118,,113.330415,23.138918,,,,,
,613,3071380117,,113.330072,23.137664,,,,,
,614,3071380119,,113.329707,23.138666,,,,,
,615,3078377487,,113.331362,23.139643,,,,,
,616,3071380129,,113.332044,23.139638,,,,,
,617,3072869014,,113.335883,23.138714,,,,,
,618,3081159174,,113.335068,23.138919,,,,,
,619,3072869017,,113.333765,23.138998,,,,,
,620,3078377489,,113.331429,23.140417,,,,,
,621,3078377490,,113.333079,23.137149,,,,,
,622,3078377491,,113.332810,23.137760,,,,,
,623,3078377494,,113.332358,23.137591,,,,,
,624,3078377495,,113.332072,23.138338,,,,,
,625,3078377497,,113.332644,23.138508,,,,,
,626,3078377502,,113.332538,23.138854,,,,,
,627,3072869019,,113.335197,23.138337,,,,,
,628,3081159173,,113.335889,23.138505,,,,,
,629,3081159175,,113.335192,23.139293,,,,,
,630,3078377499,,113.331850,23.139068,,,,,
,631,3081237241,,113.332447,23.139192,,,,,
,632,3081237248,,113.332334,23.139515,,,,,
,633,3093534331,,113.335506,23.135997,,,,,
,634,3134527004,,113.339187,23.128863,,,,,
,635,3134505433,,113.339147,23.130456,,,,,
,636,3134527007,,113.339205,23.132498,,,,,
,637,3134505434,,113.337924,23.130481,,,,,
,638,3168633211,,113.302309,23.127501,,,,,
,639,3180250134,,113.301747,23.128866,,,,,
,640,4414374069,,113.301351,23.129658,,,,,
,641,3180131024,,113.301968,23.127390,,,,,
,642,1953652972,,113.302866,23.126222,,,,,
,643,3168639127,,113.299129,23.126522,,,,,
,644,3168639126,,113.298581,23.127937,,,,,
,645,4397065621,,113.322925,23.135914,,,,,
,646,6555270600,,113.322829,23.133531,,,,,
,647,583405056,,113.322825,23.133465,,,,,
,648,4396930550,,113.322064,23.130026,,,,,
,649,3294045162,,113.313318,23.132658,,,,,
,650,3293903463,,113.310456,23.132972,,,,,
,651,4377657264,,113.316050,23.133149,,,,,
,652,4377669630,,113.315961,23.133151,,,,,
,653,3293905761,,113.315323,23.133037,,,,,
,654,4377669629,,113.316010,23.134023,,,,,
,655,3293905661,,113.315372,23.134088,,,,,
,656,4377657260,,113.316094,23.134020,,,,,
,657,3293905662,,113.316064,23.135085,,,,,
,658,3293905762,,113.315437,23.135101,,,,,
,659,3294045261,,113.315142,23.135114,,,,,
,660,3294045066,,113.314218,23.135138,,,,,
,661,3294044964,,113.315203,23.136198,,,,,
,662,4377669638,,113.315877,23.131506,,,,,
,663,5575233488,,113.315264,23.131551,,,,,
,664,3674978106,,113.315967,23.131499,,,,,
,665,6378711894,,113.314589,23.131580,,,,,
,666,3294045263,,113.313461,23.131630,,,,,
,667,4377452126,,113.312340,23.136306,,,,,
,668,4377452127,,113.312461,23.136674,,,,,
,669,3294045472,,113.312663,23.139084,,,,,
,670,2363220516,,113.365434,23.124817,,,,,
,671,3349495134,,113.342486,23.138824,,,,,
,672,3349495136,,113.344496,23.139350,,,,,
,673,3349495308,,113.346575,23.139681,,,,,
,674,3349495139,,113.344406,23.141457,,,,,
,675,3349495322,,113.346570,23.138354,,,,,
,676,3349495307,,113.346591,23.140260,,,,,
,677,2880086616,,113.346557,23.138021,,,,,
,678,3349495330,,113.348506,23.138149,,,,,
,679,4472683113,,113.309755,23.132469,,,,,
,680,3353312867,,113.310072,23.133128,,,,,
,681,4386522254,,113.322385,23.125560,,,,,
,682,4739868506,,113.322510,23.125137,,,,,
,683,3412148793,,113.322506,23.124000,,,,,
,684,4386523122,,113.322454,23.122043,,,,,
,685,3412149694,,113.322654,23.123883,,,,,
,686,4397761925,,113.328054,23.124196,,,,,
,687,4385453339,,113.327987,23.123453,,,,,
,688,4397748069,,113.327989,23.122955,,,,,
,689,5275224895,,113.328005,23.122471,,,,,
,690,2048647328,,113.328028,23.121665,,,,,
,691,4405299193,,113.303566,23.134605,,,,,
,692,4405299194,,113.303766,23.137023,,,,,
,693,2880086654,,113.348970,23.138121,,,,,
,694,3553428603,,113.347118,23.137926,,,,,
,695,3547375064,,113.335359,23.137867,,,,,
,696,479754920,,113.335809,23.137989,,,,,
,697,479754965,,113.340403,23.139062,,,,,
,698,3547375075,,113.337780,23.138582,,,,,
,699,3547375048,,113.337843,23.138363,,,,,
,700,4560314190,,113.337068,23.138778,,,,,
,701,4378620303,,113.336288,23.138248,,,,,
,702,4565292088,,113.337394,23.138496,,,,,
,703,5854169047,,113.338991,23.141650,,,,,
,704,4378607824,,113.334844,23.137608,,,,,
,705,6581066989,,113.336438,23.138047,,,,,
,706,3547375536,,113.336915,23.138154,,,,,
,707,3547375082,,113.340061,23.138811,,,,,
,708,479754833,,113.340419,23.138819,,,,,
,709,4556791722,,113.339769,23.138860,,,,,
,710,3072869018,,113.335333,23.137928,,,,,
,711,4560314192,,113.334678,23.137788,,,,,
,712,479755013,,113.338609,23.138685,,,,,
,713,2874281982,,113.350701,23.139778,,,,,
,714,4721430119,,113.345889,23.136247,,,,,
,715,2722982191,,113.346065,23.131930,,,,,
,716,4556791723,,113.344416,23.138255,,,,,
,717,2874088327,,113.351180,23.139502,,,,,
,718,479754962,,113.343325,23.138668,,,,,
,719,2049196210,,113.347205,23.121299,,,,,
,720,4076923191,,113.347233,23.122445,,,,,
,721,479754975,,113.339685,23.138919,,,,,
,722,3235348797,,113.345830,23.128223,,,,,
,723,3905903774,,113.345036,23.128045,,,,,
,724,7599552887,,113.347274,23.137758,,,,,
,725,2880086632,,113.347056,23.137934,,,,,
,726,3623392083,,113.310620,23.108313,,,,,
,727,6631556485,,113.310384,23.108274,,,,,
,728,5210596281,,113.309770,23.107884,,,,,
,729,4464921969,,113.306729,23.105890,,,,,
,730,2950175099,,113.310240,23.108207,,,,,
,731,2950175102,,113.310624,23.108179,,,,,
,732,4990442093,,113.314949,23.105290,,,,,
,733,4467209861,,113.367668,23.122548,,,,,
,734,4467214883,,113.368801,23.120260,,,,,
,735,3623588117,,113.368722,23.120716,,,,,
,736,6255857231,,113.367799,23.120142,,,,,
,737,3624345688,,113.328186,23.098522,,,,,
,738,4377669639,,113.316114,23.131203,,,,,
,739,3645926693,,113.316029,23.131207,,,,,
,740,3645926393,,113.319085,23.131065,,,,,
,741,3697597185,,113.353137,23.137055,,,,,
,742,3697597186,,113.353510,23.138079,,,,,
,743,2363220119,,113.362000,23.124285,,,,,
,744,4579246126,,113.364263,23.127206,,,,,
,745,3774520176,,113.327876,23.130081,,,,,
,746,3790036158,,113.312922,23.119386,,,,,
,747,3872961738,,113.303884,23.141298,,,,,
,748,4418803061,,113.341520,23.128608,,,,,
,749,4548682154,,113.340870,23.128728,,,,,
,750,3905903779,,113.343378,23.128630,,,,,
,751,4548682153,,113.342645,23.128617,,,,,
,752,4548682152,,113.343307,23.128519,,,,,
,753,3905903765,,113.338646,23.128903,,,,,
,754,3905903790,,113.338649,23.128541,,,,,
,755,4417326358,,113.359736,23.124969,,,,,
,756,5117721123,,113.357452,23.125738,,,,,
,757,4418398169,,113.345536,23.127788,,,,,
,758,4467209855,,113.345877,23.127619,,,,,
,759,4725318764,,113.346435,23.130195,,,,,
,760,5232130263,,113.350034,23.127393,,,,,
,761,3906134233,,113.347694,23.127782,,,,,
,762,3906135469,,113.346954,23.127912,,,,,
,763,3906135477,,113.348302,23.129382,,,,,
,764,3906135479,,113.349488,23.133498,,,,,
,765,2613182227,,113.342264,23.129687,,,,,
,766,3975594295,,113.341460,23.129674,,,,,
,767,5596690574,,113.343010,23.130901,,,,,
,768,3975594301,,113.342983,23.133637,,,,,
,769,3975594300,,113.343022,23.129686,,,,,
,770,5726421624,,113.343073,23.134685,,,,,
,771,5726421625,,113.343106,23.135507,,,,,
,772,5726421627,,113.343025,23.138097,,,,,
,773,3975594304,,113.341469,23.130873,,,,,
,774,3975594305,,113.344184,23.130923,,,,,
,775,5726421284,,113.344154,23.134652,,,,,
,776,5726421621,,113.344183,23.135474,,,,,
,777,3975594302,,113.344120,23.133660,,,,,
,778,5726421647,,113.344127,23.133865,,,,,
,779,5726421291,,113.344246,23.137944,,,,,
,780,2048660596,,113.327414,23.125326,,,,,
,781,4397742199,,113.323203,23.125567,,,,,
,782,4397742095,,113.324363,23.125495,,,,,
,783,4386694593,,113.322789,23.125526,,,,,
,784,4417218041,,113.356701,23.125603,,,,,
,785,4511526466,,113.356727,23.125950,,,,,
,786,4541482254,,113.357863,23.112520,,,,,
,787,4061756871,,113.367113,23.113223,,,,,
,788,4061756872,,113.366236,23.113050,,,,,
,789,4417218931,,113.363391,23.112519,,,,,
,790,4061756873,,113.366272,23.112878,,,,,
,791,4061756870,,113.367154,23.113054,,,,,
,792,1184781769,,113.368396,23.113305,,,,,
,793,4417218930,,113.363409,23.112358,,,,,
,794,5072592946,,113.350596,23.119744,,,,,
,795,5210617432,,113.347839,23.119919,,,,,
,796,4076874808,,113.348370,23.119359,,,,,
,797,1988629243,,113.351034,23.118713,,,,,
,798,5072592614,,113.342842,23.119741,,,,,
,799,4079576735,,113.345823,23.119592,,,,,
,800,4076874825,,113.345603,23.119690,,,,,
,801,4076878201,,113.348109,23.119735,,,,,
,802,4076878202,,113.348119,23.119817,,,,,
,803,5072592940,,113.350576,23.119465,,,,,
,804,4076906806,,113.347931,23.119635,,,,,
,805,4076923214,,113.346501,23.120298,,,,,
,806,4076923208,,113.347275,23.120683,,,,,
,807,4076922993,,113.347104,23.124295,,,,,
,808,4079576696,,113.346216,23.118283,,,,,
,809,4079576703,,113.347363,23.118808,,,,,
,810,4076906811,,113.347296,23.119620,,,,,
,811,4079576709,,113.345945,23.118469,,,,,
,812,4079576724,,113.347109,23.117938,,,,,
,813,4076874804,,113.345867,23.119894,,,,,
,814,4127811484,,113.338930,23.117862,,,,,
,815,4127811472,,113.338703,23.117142,,,,,
,816,4127811473,,113.338274,23.117142,,,,,
,817,4416448552,,113.337947,23.117320,,,,,
,818,4416448553,,113.337948,23.116949,,,,,
,819,4127811492,,113.339011,23.116326,,,,,
,820,5072592571,,113.342032,23.116882,,,,,
,821,6552026643,,113.307807,23.133345,,,,,
,822,4163036948,,113.308559,23.132943,,,,,
,823,7771621331,,113.306333,23.133964,,,,,
,824,4163036942,,113.306214,23.134009,,,,,
,825,4210190991,,113.304019,23.116131,,,,,
,826,5110591078,,113.301702,23.116200,,,,,
,827,1953652968,,113.303603,23.126272,,,,,
,828,4210328330,,113.308174,23.133839,,,,,
,829,4210333432,,113.309205,23.133746,,,,,
,830,2098805119,,113.309779,23.134271,,,,,
,831,4723749914,,113.346026,23.119031,,,,,
,832,4076878221,,113.351149,23.119376,,,,,
,833,4076906824,,113.346184,23.119605,,,,,
,834,4416383509,signal,113.304661,23.122289,,,,,
,835,4271692693,,113.304691,23.121284,,,,,
,836,6640700062,,113.306133,23.122150,,,,,
,837,4498418490,,113.306151,23.121633,,,,,
,838,4498469932,,113.308214,23.122285,,,,,
,839,4271692690,,113.308245,23.121234,,,,,
,840,4267662689,,113.308286,23.119885,,,,,
,841,4267619090,,113.306649,23.119838,,,,,
,842,4267662889,,113.307933,23.119875,,,,,
,843,4453400594,,113.305866,23.122538,,,,,
,844,4453400595,,113.305910,23.122247,,,,,
,845,4271692773,,113.306807,23.123552,,,,,
,846,4271692767,,113.308271,23.123420,,,,,
,847,4271692764,,113.306130,23.123368,,,,,
,848,4267663189,,113.306126,23.122548,,,,,
,849,4498469933,,113.308266,23.122566,,,,,
,850,4269546724,,113.307896,23.126818,,,,,
,851,7771621366,,113.308454,23.126811,,,,,
,852,383272143,,113.309763,23.126791,,,,,
,853,4269546144,,113.307326,23.126825,,,,,
,854,2098835892,,113.306798,23.122564,,,,,
,855,4271692689,,113.306167,23.121184,,,,,
,856,2098835945,,113.309586,23.123556,,,,,
,857,4416383554,,113.301466,23.122495,,,,,
,858,6175357049,,113.301698,23.124534,,,,,
,859,4271692877,,113.301823,23.125466,,,,,
,860,4271692762,,113.305100,23.123363,,,,,
,861,4271692692,,113.303820,23.121271,,,,,
,862,4271692744,,113.303813,23.122286,,,,,
,863,6635729679,,113.303861,23.120318,,,,,
,864,1187415240,,113.331160,23.110283,,,,,
,865,6062437001,,113.338275,23.107295,,,,,
,866,1187415307,,113.327857,23.108936,,,,,
,867,4564988081,,113.328428,23.108683,,,,,
,868,4278042621,,113.327472,23.109074,,,,,
,869,4385566079,,113.321545,23.109665,,,,,
,870,4278130694,,113.315434,23.139720,,,,,
,871,4278222990,,113.315318,23.139720,,,,,
,872,4278222989,,113.316219,23.139726,,,,,
,873,4375802571,,113.316128,23.139725,,,,,
,874,4278183692,,113.313273,23.140306,,,,,
,875,4278223293,,113.315427,23.139180,,,,,
,876,4377604684,,113.323037,23.136141,,,,,
,877,4376700604,,113.322638,23.136171,,,,,
,878,4375792933,,113.316193,23.136800,,,,,
,879,4530035480,,113.315982,23.136471,,,,,
,880,4281419790,,113.316574,23.136445,,,,,
,881,4281419990,,113.316395,23.136561,,,,,
,882,2700943206,,113.316283,23.136752,,,,,
,883,4281424696,,113.328569,23.136478,,,,,
,884,4281420293,,113.328892,23.136513,,,,,
,885,4377669634,,113.316023,23.132619,,,,,
,886,4377657258,,113.316187,23.135864,,,,,
,887,2700943197,,113.315814,23.136403,,,,,
,888,4377394291,,113.315901,23.136178,,,,,
,889,4377657275,,113.316116,23.136001,,,,,
,890,4377394292,,113.316170,23.136072,,,,,
,891,4375754318,,113.310996,23.143413,,,,,
,892,6588011570,,113.311285,23.136797,,,,,
,893,4281991101,,113.312093,23.140225,,,,,
,894,6588011569,,113.310902,23.136820,,,,,
,895,4357641747,,113.303539,23.134427,,,,,
,896,5077158354,,113.303304,23.132940,,,,,
,897,4357641754,,113.303719,23.133719,,,,,
,898,5077158355,,113.303447,23.133962,,,,,
,899,4466393376,,113.302274,23.134571,,,,,
,900,481355871,,113.296177,23.134348,,,,,
,901,4467243151,,113.302323,23.134571,,,,,
,902,481355643,,113.296195,23.134214,,,,,
,903,4357681238,,113.300879,23.134415,,,,,
,904,481355683,,113.302148,23.134433,,,,,
,905,4404383983,,113.309605,23.140379,,,,,
,906,4408035739,,113.309674,23.139448,,,,,
,907,4443998190,,113.316223,23.143784,,,,,
,908,4375802552,,113.316587,23.143655,,,,,
,909,6358142910,,113.316125,23.137922,,,,,
,910,4375802563,,113.316132,23.138759,,,,,
,911,4443998191,,113.316203,23.143645,,,,,
,912,4375806265,,113.316216,23.138759,,,,,
,913,4396930548,,113.322745,23.129981,,,,,
,914,5131099669,,113.322795,23.130233,,,,,
,915,6555270599,,113.322722,23.133534,,,,,
,916,4376714534,,113.322719,23.133468,,,,,
,917,5253708431,,113.322660,23.132351,,,,,
,918,4425351582,,113.323021,23.139691,,,,,
,919,4386697444,,113.323132,23.138965,,,,,
,920,4386697445,,113.323020,23.138966,,,,,
,921,4376698592,,113.323128,23.138364,,,,,
,922,4376698593,,113.323019,23.138363,,,,,
,923,4376700605,,113.322950,23.136852,,,,,
,924,4376700606,,113.322835,23.136657,,,,,
,925,4376714544,,113.322654,23.130512,,,,,
,926,4376714538,,113.322510,23.130196,,,,,
,927,5131099668,,113.323366,23.129941,,,,,
,928,4377394289,,113.313744,23.136310,,,,,
,929,4467209845,,113.313739,23.136232,,,,,
,930,4377433092,,113.308837,23.136770,,,,,
,931,4377394784,,113.309879,23.137348,,,,,
,932,4377433108,,113.306784,23.137038,,,,,
,933,4377433120,,113.305066,23.137139,,,,,
,934,4377433110,,113.307831,23.136938,,,,,
,935,4408035740,,113.309721,23.136908,,,,,
,936,4407874797,,113.291631,23.137063,,,,,
,937,4498297663,,113.302329,23.137114,,,,,
,938,4377433107,,113.307095,23.136932,,,,,
,939,4377433109,,113.307968,23.136843,,,,,
,940,4377421467,,113.304009,23.137162,,,,,
,941,4377433119,,113.305302,23.137040,,,,,
,942,4405299195,,113.306068,23.136802,,,,,
,943,4377444715,,113.310419,23.136312,,,,,
,944,6578428539,,113.310905,23.136396,,,,,
,945,4377452124,,113.316295,23.136422,,,,,
,946,4377452129,,113.311694,23.136616,,,,,
,947,4530035478,,113.313909,23.136583,,,,,
,948,4377474694,,113.309726,23.132565,,,,,
,949,4414760650,,113.309479,23.132175,,,,,
,950,4377474692,,113.310152,23.132616,,,,,
,951,5739961233,,113.310279,23.132563,,,,,
,952,4377472681,,113.309633,23.131803,,,,,
,953,6552047309,,113.310521,23.132220,,,,,
,954,4414895249,,113.310338,23.131777,,,,,
,955,6552039674,,113.310182,23.131694,,,,,
,956,4554023863,,113.328922,23.135040,,,,,
,957,4377598947,,113.328612,23.135132,,,,,
,958,4377598993,,113.327956,23.135929,,,,,
,959,4377598997,,113.328069,23.135699,,,,,
,960,4377599003,,113.328644,23.135309,,,,,
,961,4377599019,,113.329574,23.135849,,,,,
,962,4377599022,,113.329169,23.135956,,,,,
,963,8307723792,,113.329185,23.135880,,,,,
,964,4569881551,,113.329588,23.136049,,,,,
,965,4569881552,,113.328913,23.136391,,,,,
,966,4563423071,,113.310405,23.136894,,,,,
,967,4397083445,,113.316065,23.131957,,,,,
,968,4397083444,,113.316148,23.131954,,,,,
,969,4377669625,,113.316247,23.135491,,,,,
,970,4377669626,,113.316365,23.135476,,,,,
,971,4377669631,,113.316128,23.133201,,,,,
,972,4377669632,,113.316213,23.133198,,,,,
,973,4377665223,,113.315934,23.132617,,,,,
,974,4377669635,,113.316089,23.132418,,,,,
,975,4377669636,,113.316171,23.132415,,,,,
,976,2700943193,,113.315812,23.136269,,,,,
,977,2048647420,,113.328304,23.132324,,,,,
,978,5230861902,,113.328245,23.132202,,,,,
,979,4478970049,,113.327339,23.129690,,,,,
,980,4399213366,,113.328586,23.132708,,,,,
,981,4399213367,,113.328572,23.133249,,,,,
,982,4385453383,,113.328245,23.116033,,,,,
,983,4385454290,,113.328002,23.115516,,,,,
,984,4385454294,,113.328444,23.115654,,,,,
,985,6562564612,,113.328455,23.118246,,,,,
,986,4385454304,,113.328169,23.118517,,,,,
,987,6431180064,,113.328224,23.118261,,,,,
,988,4386523129,,113.328284,23.117969,,,,,
,989,4385454308,,113.328185,23.117895,,,,,
,990,5036052352,,113.327345,23.120934,,,,,
,991,4527880800,,113.327541,23.121192,,,,,
,992,4386523128,,113.328071,23.120385,,,,,
,993,4385454331,,113.328463,23.120267,,,,,
,994,4385454336,,113.328867,23.120779,,,,,
,995,4385454337,,113.328456,23.120393,,,,,
,996,4385454344,,113.328879,23.121057,,,,,
,997,4385454348,,113.328421,23.121462,,,,,
,998,4478187097,,113.326862,23.121242,,,,,
,999,4399213363,,113.328414,23.121615,,,,,
,1000,5312833580,,113.322446,23.121584,,,,,
,1001,5063272653,,113.322080,23.121637,,,,,
,1002,4417215639,,113.320309,23.121209,,,,,
,1003,4386523125,,113.320799,23.121440,,,,,
,1004,4386523124,,113.320834,23.121756,,,,,
,1005,4386694592,,113.322619,23.122019,,,,,
,1006,4397748063,,113.327595,23.123173,,,,,
,1007,4385468603,,113.321994,23.121339,,,,,
,1008,4385468609,,113.322450,23.120844,,,,,
,1009,4397065623,,113.322615,23.120838,,,,,
,1010,4397065624,,113.323041,23.121269,,,,,
,1011,4385454316,,113.323154,23.121538,,,,,
,1012,4425334998,,113.322020,23.129703,,,,,
,1013,4385483448,,113.322576,23.129307,,,,,
,1014,4385534538,,113.329011,23.106100,,,,,
,1015,4385534563,,113.328852,23.107925,,,,,
,1016,4564804372,,113.329197,23.109466,,,,,
,1017,4385534553,,113.328939,23.108380,,,,,
,1018,4272738498,,113.328542,23.108039,,,,,
,1019,4385534579,,113.328413,23.108411,,,,,
,1020,4523521058,,113.317744,23.108134,,,,,
,1021,4386529728,,113.318133,23.105584,,,,,
,1022,4386529731,,113.316994,23.109735,,,,,
,1023,4385545733,,113.314740,23.109595,,,,,
,1024,4386529730,,113.314796,23.109432,,,,,
,1025,4386691565,,113.317466,23.109361,,,,,
,1026,4386691566,,113.317645,23.109805,,,,,
,1027,7499915142,,113.321423,23.109667,,,,,
,1028,4386691568,,113.320969,23.109258,,,,,
,1029,4386691567,,113.320778,23.109677,,,,,
,1030,4386516523,,113.322844,23.137632,,,,,
,1031,8307723798,,113.322924,23.136063,,,,,
,1032,5253708433,,113.321462,23.131221,,,,,
,1033,6311276818,,113.322608,23.129988,,,,,
,1034,4396930551,,113.322583,23.129670,,,,,
,1035,5312833584,,113.320566,23.121885,,,,,
,1036,5117881025,,113.327793,23.115728,,,,,
,1037,2421394139,,113.328044,23.098534,,,,,
,1038,4386529729,,113.316859,23.109859,,,,,
,1039,2052208748,,113.318100,23.109827,,,,,
,1040,4523521059,,113.320377,23.108178,,,,,
,1041,4523521065,,113.320358,23.108063,,,,,
,1042,4523534491,,113.320169,23.106842,,,,,
,1043,4385454303,,113.328385,23.118722,,,,,
,1044,4475331980,,113.328429,23.120816,,,,,
,1045,2048647308,,113.328507,23.119253,,,,,
,1046,4386691574,,113.328430,23.121098,,,,,
,1047,3011230477,,113.328042,23.121146,,,,,
,1048,2507456046,,113.322650,23.123684,,,,,
,1049,4389823255,,113.305733,23.112227,,,,,
,1050,300104897,,113.306220,23.114628,,,,,
,1051,4426660923,,113.309140,23.111922,,,,,
,1052,4396311078,,113.322356,23.116707,,,,,
,1053,2048660652,,113.320373,23.129789,,,,,
,1054,4434710986,,113.314231,23.130215,,,,,
,1055,4397082084,,113.326761,23.129377,,,,,
,1056,4397082085,,113.326809,23.129731,,,,,
,1057,6561057895,,113.322967,23.134334,,,,,
,1058,4375800084,,113.323000,23.134397,,,,,
,1059,4376714552,,113.322740,23.130328,,,,,
,1060,4396930555,,113.322915,23.129964,,,,,
,1061,5132535514,,113.322946,23.129638,,,,,
,1062,1988676165,,113.333176,23.129000,,,,,
,1063,4397065620,,113.319011,23.136040,,,,,
,1064,4260837474,,113.319739,23.136047,,,,,
,1065,4376700897,,113.323055,23.135889,,,,,
,1066,4546566524,,113.322093,23.116303,,,,,
,1067,3412149793,,113.322574,23.118025,,,,,
,1068,1988676119,,113.322591,23.119705,,,,,
,1069,5063262374,,113.322628,23.121341,,,,,
,1070,4527880801,,113.325491,23.121067,,,,,
,1071,4397082083,,113.323255,23.129617,,,,,
,1072,4541248728,,113.324246,23.129550,,,,,
,1073,4541283474,,113.325378,23.129823,,,,,
,1074,6072633535,,113.316234,23.133645,,,,,
,1075,4397742175,,113.327457,23.125211,,,,,
,1076,4399213362,,113.328034,23.124986,,,,,
,1077,4397742107,,113.328194,23.124658,,,,,
,1078,4397742188,,113.328901,23.125035,,,,,
,1079,4397742117,,113.331026,23.124774,,,,,
,1080,4397742119,,113.332153,23.124653,,,,,
,1081,4397742189,,113.337417,23.124420,,,,,
,1082,4397742120,,113.338441,23.124636,,,,,
,1083,4739868478,,113.338040,23.124661,,,,,
,1084,4397742159,,113.332067,23.124965,,,,,
,1085,7206175549,,113.331394,23.125063,,,,,
,1086,7206175550,,113.331393,23.124974,,,,,
,1087,4397742167,,113.327528,23.125517,,,,,
,1088,4397742174,,113.324378,23.125737,,,,,
,1089,4397742146,,113.323231,23.125825,,,,,
,1090,4397742135,,113.327426,23.125413,,,,,
,1091,4397742134,,113.328891,23.125258,,,,,
,1092,4397742182,,113.328927,23.125394,,,,,
,1093,1659545405,,113.328138,23.125923,,,,,
,1094,4467802832,,113.328545,23.132391,,,,,
,1095,6594753344,,113.328822,23.134238,,,,,
,1096,4377598976,,113.328812,23.134172,,,,,
,1097,4375777159,,113.327709,23.141660,,,,,
,1098,4466409546,,113.302396,23.134572,,,,,
,1099,4377421534,,113.309621,23.136414,,,,,
,1100,4466009935,,113.302469,23.137111,,,,,
,1101,4466409549,,113.302555,23.137110,,,,,
,1102,4377441947,,113.300614,23.137300,,,,,
,1103,4466393367,,113.302337,23.137190,,,,,
,1104,4459159847,,113.309764,23.140693,,,,,
,1105,4739830189,,113.335915,23.138159,,,,,
,1106,4409375073,,113.334760,23.143819,,,,,
,1107,4415175982,,113.298889,23.128711,,,,,
,1108,4414374067,,113.300568,23.129270,,,,,
,1109,4436262081,,113.300257,23.129239,,,,,
,1110,4482174522,,113.301995,23.130302,,,,,
,1111,4482134137,,113.302111,23.130858,,,,,
,1112,4414374074,,113.301112,23.129629,,,,,
,1113,7771622764,,113.304286,23.130992,,,,,
,1114,4414727417,,113.305392,23.131468,,,,,
,1115,4483437243,,113.302249,23.130185,,,,,
,1116,4415175988,,113.305104,23.131451,,,,,
,1117,4414727442,,113.308935,23.132074,,,,,
,1118,4415196548,,113.307838,23.132077,,,,,
,1119,4415196549,,113.307823,23.132185,,,,,
,1120,4415196550,,113.305245,23.131733,,,,,
,1121,4415196551,,113.305117,23.131585,,,,,
,1122,4414859188,,113.304137,23.131176,,,,,
,1123,4568877857,,113.304389,23.131135,,,,,
,1124,4414859900,,113.303976,23.131220,,,,,
,1125,4436262082,,113.303746,23.130859,,,,,
,1126,4414859895,,113.303928,23.131085,,,,,
,1127,4568935158,,113.304263,23.131231,,,,,
,1128,4414861869,,113.307750,23.131992,,,,,
,1129,4511750828,,113.308025,23.131946,,,,,
,1130,4511750829,,113.308290,23.132057,,,,,
,1131,7771621359,,113.309626,23.129876,,,,,
,1132,4414895242,,113.313477,23.130253,,,,,
,1133,4424693913,,113.310065,23.128821,,,,,
,1134,6551195696,,113.310301,23.131716,,,,,
,1135,4415176092,,113.309745,23.126054,,,,,
,1136,4470924955,,113.309577,23.123202,,,,,
,1137,4414895491,,113.310001,23.123102,,,,,
,1138,2098835947,,113.310022,23.120296,,,,,
,1139,2098835910,,113.309998,23.121799,,,,,
,1140,4414895498,,113.309951,23.118170,,,,,
,1141,4414895516,,113.309588,23.121837,,,,,
,1142,4415175987,,113.301502,23.129815,,,,,
,1143,7771621337,,113.306601,23.131850,,,,,
,1144,7771621336,,113.306594,23.131768,,,,,
,1145,5826878938,,113.309740,23.129081,,,,,
,1146,4414895234,,113.309777,23.128084,,,,,
,1147,4414895277,,113.309903,23.128302,,,,,
,1148,7771621339,,113.306706,23.131943,,,,,
,1149,7771621335,,113.306716,23.132054,,,,,
,1150,4482134132,,113.302297,23.130590,,,,,
,1151,4416170781,,113.328528,23.134436,,,,,
,1152,6561057890,,113.327009,23.134229,,,,,
,1153,4416156553,,113.325682,23.134283,,,,,
,1154,4416094152,,113.327044,23.135692,,,,,
,1155,4416094151,,113.327028,23.134939,,,,,
,1156,4375819041,,113.323032,23.135077,,,,,
,1157,6561057902,,113.323037,23.135138,,,,,
,1158,4553978021,,113.328452,23.133948,,,,,
,1159,4416227836,,113.309609,23.122534,,,,,
,1160,4416227824,,113.309140,23.122539,,,,,
,1161,4500479774,,113.309273,23.122423,,,,,
,1162,4416227826,,113.309608,23.122677,,,,,
,1163,4478955183,,113.309992,23.122369,,,,,
,1164,4500508133,,113.309986,23.122170,,,,,
,1165,4475331979,,113.310520,23.122250,,,,,
,1166,4416227808,,113.310580,23.122498,,,,,
,1167,4416227855,,113.310003,23.122937,,,,,
,1168,4417215638,,113.316120,23.121903,,,,,
,1169,5021426150,,113.316948,23.121755,,,,,
,1170,1953620324,,113.302719,23.122325,,,,,
,1171,4416383515,,113.302660,23.122390,,,,,
,1172,4416383516,,113.302356,23.122420,,,,,
,1173,4416383531,,113.296933,23.122870,,,,,
,1174,4416383538,,113.302654,23.122330,,,,,
,1175,4416428850,,113.318639,23.119958,,,,,
,1176,4416428852,,113.318789,23.119526,,,,,
,1177,4416428860,,113.319602,23.119571,,,,,
,1178,4417326361,,113.337922,23.114748,,,,,
,1179,4416448693,,113.337860,23.120674,,,,,
,1180,4416448697,,113.337529,23.120277,,,,,
,1181,5117881034,,113.338346,23.120223,,,,,
,1182,5117881035,,113.338028,23.120524,,,,,
,1183,5211851940,,113.338817,23.120197,,,,,
,1184,5211851941,,113.337835,23.120012,,,,,
,1185,5117881028,,113.338001,23.119648,,,,,
,1186,5117881029,,113.338428,23.119965,,,,,
,1187,4417218928,,113.337481,23.120030,,,,,
,1188,5530308258,,113.337827,23.119655,,,,,
,1189,4416448556,,113.337773,23.114770,,,,,
,1190,4467987246,,113.337305,23.114516,,,,,
,1191,4417326360,,113.338218,23.114391,,,,,
,1192,4417134016,,113.347181,23.127686,,,,,
,1193,4418803060,,113.345847,23.127907,,,,,
,1194,4708372609,,113.352935,23.126443,,,,,
,1195,3905903849,,113.347718,23.127416,,,,,
,1196,4418398170,,113.347155,23.127522,,,,,
,1197,5117721124,,113.357336,23.125416,,,,,
,1198,1184781677,,113.355959,23.125786,,,,,
,1199,4513414957,,113.356052,23.126118,,,,,
,1200,4739868477,,113.338011,23.120000,,,,,
,1201,943237337,,113.337803,23.118530,,,,,
,1202,4061756885,,113.362105,23.112355,,,,,
,1203,4524246750,,113.362110,23.124057,,,,,
,1204,4417326359,,113.356643,23.125971,,,,,
,1205,4417326362,,113.338020,23.120243,,,,,
,1206,4417646878,,113.337634,23.128607,,,,,
,1207,4417646885,,113.337695,23.128970,,,,,
,1208,4418340149,,113.310757,23.113156,,,,,
,1209,4426650390,,113.309978,23.114815,,,,,
,1210,4419070752,,113.310614,23.116776,,,,,
,1211,4418326768,,113.310682,23.112972,,,,,
,1212,4515440496,,113.310316,23.112121,,,,,
,1213,4418398166,,113.329857,23.129170,,,,,
,1214,5238965204,,113.330957,23.129095,,,,,
,1215,2613182241,,113.342273,23.128532,,,,,
,1216,4418968018,,113.313143,23.123727,,,,,
,1217,320574345,,113.315738,23.123522,,,,,
,1218,320574815,,113.313058,23.123732,,,,,
,1219,5070078282,,113.311755,23.123821,,,,,
,1220,4418968017,,113.317580,23.124440,,,,,
,1221,299851787,,113.317538,23.123610,,,,,
,1222,4418968024,,113.317308,23.123361,,,,,
,1223,4457679258,,113.317572,23.123116,,,,,
,1224,4419106009,,113.311396,23.116921,,,,,
,1225,4418968044,,113.310968,23.116936,,,,,
,1226,4419070751,,113.310675,23.116936,,,,,
,1227,4418982295,,113.319024,23.116464,,,,,
,1228,4460408092,,113.318999,23.116445,,,,,
,1229,4418982292,,113.319160,23.116470,,,,,
,1230,4418982306,,113.319211,23.116260,,,,,
,1231,4419015393,,113.315842,23.116465,,,,,
,1232,6765777430,,113.316012,23.116495,,,,,
,1233,5312833593,,113.316174,23.116442,,,,,
,1234,5117881026,,113.322550,23.116279,,,,,
,1235,4739868629,,113.315625,23.117268,,,,,
,1236,2550885368,,113.315145,23.116779,,,,,
,1237,4418968028,,113.312933,23.121113,,,,,
,1238,4419077485,,113.368361,23.113467,,,,,
,1239,4424620098,,113.310885,23.131870,,,,,
,1240,2453717282,,113.310395,23.132224,,,,,
,1241,4424693914,,113.316406,23.130089,,,,,
,1242,2453717297,,113.310353,23.132340,,,,,
,1243,5677448190,,113.322579,23.128730,,,,,
,1244,4385483437,,113.322525,23.126316,,,,,
,1245,4376691491,,113.323409,23.143981,,,,,
,1246,4379236231,,113.323024,23.143979,,,,,
,1247,4614013063,,113.310323,23.112066,,,,,
,1248,4434711895,,113.317063,23.126362,,,,,
,1249,2551976711,,113.318087,23.126529,,,,,
,1250,4435787700,,113.322948,23.140660,,,,,
,1251,4435787701,,113.322855,23.140658,,,,,
,1252,4482157919,,113.302714,23.130564,,,,,
,1253,4377460288,,113.313726,23.136057,,,,,
,1254,6561057904,,113.326449,23.135719,,,,,
,1255,300104802,,113.302934,23.112682,,,,,
,1256,4377393686,,113.313907,23.136461,,,,,
,1257,4453320780,,113.308024,23.122281,,,,,
,1258,6640473659,,113.305094,23.122396,,,,,
,1259,6640473662,,113.305620,23.122494,,,,,
,1260,4498446422,,113.306129,23.122246,,,,,
,1261,6742487489,,113.313560,23.122329,,,,,
,1262,6742477276,,113.313373,23.122343,,,,,
,1263,4414895255,,113.310018,23.124634,,,,,
,1264,4458799259,,113.320242,23.106623,,,,,
,1265,4385566087,,113.320463,23.108086,,,,,
,1266,383272025,,113.310693,23.107109,,,,,
,1267,4466393362,,113.302427,23.136447,,,,,
,1268,4377421494,,113.302431,23.137112,,,,,
,1269,4466403565,,113.302390,23.136448,,,,,
,1270,4466403543,,113.302282,23.136446,,,,,
,1271,4466403575,,113.302242,23.135565,,,,,
,1272,4467209854,,113.345533,23.127504,,,,,
,1273,4377488914,,113.314512,23.130494,,,,,
,1274,4512496821,,113.346213,23.126701,,,,,
,1275,4076920775,,113.346356,23.123903,,,,,
,1276,3623588115,,113.368706,23.120857,,,,,
,1277,4467209857,,113.366488,23.122913,,,,,
,1278,4468064910,,113.369200,23.122290,,,,,
,1279,4467243150,,113.369434,23.122354,,,,,
,1280,4575367453,,113.366518,23.123075,,,,,
,1281,4467502821,,113.332492,23.132296,,,,,
,1282,5230862090,,113.332500,23.133766,,,,,
,1283,6594756037,,113.332501,23.134753,,,,,
,1284,479754917,,113.332442,23.136533,,,,,
,1285,4467502822,,113.332503,23.129702,,,,,
,1286,4467802821,,113.330646,23.132258,,,,,
,1287,4467802820,,113.330457,23.132251,,,,,
,1288,4416448690,,113.338106,23.128572,,,,,
,1289,5066720098,,113.336945,23.114559,,,,,
,1290,1184781571,,113.335267,23.114805,,,,,
,1291,1184781647,,113.333155,23.115054,,,,,
,1292,4690626402,,113.335691,23.114745,,,,,
,1293,5066720105,,113.329231,23.115556,,,,,
,1294,4468025026,,113.361380,23.122374,,,,,
,1295,3230995962,,113.360455,23.119814,,,,,
,1296,6875261762,,113.311046,23.122198,,,,,
,1297,6742480737,,113.312552,23.122101,,,,,
,1298,6742477278,,113.312838,23.122082,,,,,
,1299,7599653804,,113.352591,23.137108,,,,,
,1300,4555065668,,113.351209,23.137220,,,,,
,1301,4513872383,,113.352919,23.139217,,,,,
,1302,4880334276,,113.352188,23.137264,,,,,
,1303,4475331983,,113.354763,23.144110,,,,,
,1304,4475272829,signal,113.354690,23.143931,,,,,
,1305,4565192502,,113.358204,23.135866,,,,,
,1306,5232130267,,113.351207,23.126979,,,,,
,1307,4416227811,,113.309607,23.122421,,,,,
,1308,4399213368,,113.327883,23.141690,,,,,
,1309,4482145512,,113.302183,23.132492,,,,,
,1310,4482134156,,113.301967,23.130746,,,,,
,1311,7958052685,,113.302182,23.131697,,,,,
,1312,6577737358,,113.301556,23.130178,,,,,
,1313,4482134155,,113.301206,23.129808,,,,,
,1314,4482134123,,113.302053,23.130242,,,,,
,1315,4482145496,,113.302208,23.132083,,,,,
,1316,4482145503,,113.302404,23.134434,,,,,
,1317,4482145511,,113.302090,23.132495,,,,,
,1318,5007425848,,113.302123,23.133210,,,,,
,1319,4482134129,,113.302317,23.134434,,,,,
,1320,4483437246,,113.306783,23.105759,,,,,
,1321,5210596284,,113.309393,23.107429,,,,,
,1322,1184713300,,113.310218,23.108031,,,,,
,1323,3547375086,,113.336848,23.138373,,,,,
,1324,4498469925,,113.306255,23.122248,,,,,
,1325,4504141781,,113.315259,23.126259,,,,,
,1326,4504141783,,113.313216,23.126673,,,,,
,1327,4504141784,,113.313217,23.130343,,,,,
,1328,4508712650,,113.323120,23.137628,,,,,
,1329,4511731081,,113.367901,23.117399,,,,,
,1330,4511731195,,113.366437,23.117492,,,,,
,1331,4511731087,,113.366169,23.117493,,,,,
,1332,1988629251,,113.364750,23.117292,,,,,
,1333,4512496484,,113.347004,23.126355,,,,,
,1334,1952504246,,113.315178,23.113253,,,,,
,1335,3697597191,,113.357002,23.140654,,,,,
,1336,2363220514,,113.364717,23.124973,,,,,
,1337,2363220513,,113.368802,23.124036,,,,,
,1338,4515570074,,113.335393,23.117448,,,,,
,1339,4739868633,,113.335466,23.117440,,,,,
,1340,4523521061,,113.320033,23.108231,,,,,
,1341,4523521056,,113.318103,23.108242,,,,,
,1342,4385545719,,113.317799,23.108234,,,,,
,1343,4523521062,,113.317828,23.108060,,,,,
,1344,4523521063,,113.318056,23.108061,,,,,
,1345,4523521066,,113.320069,23.108063,,,,,
,1346,4526434046,,113.325303,23.119520,,,,,
,1347,6537103907,,113.325311,23.117837,,,,,
,1348,5066761077,,113.325316,23.116870,,,,,
,1349,4385453360,,113.328147,23.118818,,,,,
,1350,4377444730,,113.311282,23.136735,,,,,
,1351,8241989225,,113.314778,23.136545,,,,,
,1352,7205451588,,113.314501,23.126303,,,,,
,1353,4434711901,,113.316037,23.126068,,,,,
,1354,4539457219,,113.315738,23.121914,,,,,
,1355,4416227872,,113.315738,23.122116,,,,,
,1356,4541321410,,113.360861,23.112586,,,,,
,1357,5066720093,,113.336913,23.114397,,,,,
,1358,5066720110,,113.329116,23.115373,,,,,
,1359,5066720115,,113.327362,23.115592,,,,,
,1360,8307723789,,113.328951,23.135728,,,,,
,1361,4555073691,,113.356737,23.136210,,,,,
,1362,479754840,,113.352148,23.136931,,,,,
,1363,4565230273,,113.353412,23.136684,,,,,
,1364,925155546,,113.351754,23.137021,,,,,
,1365,4496637928,,113.336990,23.138405,,,,,
,1366,4560314193,,113.328665,23.135913,,,,,
,1367,4377397509,,113.309800,23.136225,,,,,
,1368,6552011230,,113.310316,23.136231,,,,,
,1369,4377397514,,113.310475,23.136387,,,,,
,1370,5232130294,,113.354490,23.131399,,,,,
,1371,5232130273,,113.354372,23.131399,,,,,
,1372,5232130272,,113.352521,23.129735,,,,,
,1373,4564988064,,113.328896,23.108684,,,,,
,1374,4564988082,,113.328564,23.109334,,,,,
,1375,4565173084,,113.356811,23.136191,,,,,
,1376,4566736229,,113.356808,23.136236,,,,,
,1377,1988629289,,113.356740,23.136155,,,,,
,1378,4061487041,,113.356815,23.136136,,,,,
,1379,4555306544,,113.362123,23.134363,,,,,
,1380,4567972028,,113.368989,23.130454,,,,,
,1381,479754941,,113.367680,23.131179,,,,,
,1382,479754944,,113.363267,23.133712,,,,,
,1383,4569868191,,113.328668,23.135776,,,,,
,1384,2048647273,,113.328665,23.135706,,,,,
,1385,6742487490,,113.313536,23.122027,,,,,
,1386,6742477277,,113.313049,23.122133,,,,,
,1387,8338816180,,113.310592,23.126827,,,,,
,1388,5266078853,,113.313023,23.123056,,,,,
,1389,6953311381,,113.313104,23.125715,,,,,
,1390,6742477280,,113.312969,23.122190,,,,,
,1391,5531071948,,113.364777,23.132595,,,,,
,1392,4577386984,,113.368892,23.130295,,,,,
,1393,4061622757,,113.360766,23.122559,,,,,
,1394,4579246129,,113.363042,23.127460,,,,,
,1395,4579246130,,113.361943,23.127389,,,,,
,1396,5139322750,,113.362993,23.128138,,,,,
,1397,4708372608,,113.352925,23.125134,,,,,
,1398,4690626408,,113.335507,23.116297,,,,,
,1399,4739868520,,113.319741,23.129088,,,,,
,1400,4739868630,,113.315814,23.117292,,,,,
,1401,4708372605,,113.349761,23.114463,,,,,
,1402,1184781550,,113.349519,23.112976,,,,,
,1403,4708372607,,113.351088,23.122255,,,,,
,1404,925155630,,113.345925,23.136312,,,,,
,1405,6923881560,,113.346092,23.119331,,,,,
,1406,2723016643,,113.346426,23.130336,,,,,
,1407,4725318763,,113.346414,23.130505,,,,,
,1408,4690626413,,113.335394,23.119169,,,,,
,1409,4739868476,,113.335555,23.120139,,,,,
,1410,5238965131,,113.338105,23.126480,,,,,
,1411,5530308233,,113.338056,23.125008,,,,,
,1412,5195840985,,113.338074,23.125576,,,,,
,1413,4397742121,,113.337907,23.124669,,,,,
,1414,5238965134,,113.335751,23.124771,,,,,
,1415,5238965183,,113.332923,23.124886,,,,,
,1416,4397742194,,113.337628,23.124687,,,,,
,1417,5530308243,,113.337387,23.124702,,,,,
,1418,4739868515,,113.320391,23.126387,,,,,
,1419,4739868490,,113.320759,23.125080,,,,,
,1420,299851789,,113.317704,23.125297,,,,,
,1421,6875261764,,113.310851,23.120294,,,,,
,1422,5021418971,,113.314639,23.120286,,,,,
,1423,6875261760,,113.313850,23.120288,,,,,
,1424,4418968029,,113.312924,23.120290,,,,,
,1425,4739868624,,113.315678,23.120284,,,,,
,1426,4416227839,,113.312573,23.122399,,,,,
,1427,5266078851,,113.311724,23.122438,,,,,
,1428,4050676811,,113.315657,23.116712,,,,,
,1429,5530260110,,113.315823,23.117988,,,,,
,1430,4416448691,,113.338030,23.124396,,,,,
,1431,4397742106,,113.338450,23.124382,,,,,
,1432,4739868631,,113.337894,23.124403,,,,,
,1433,4739868632,,113.337773,23.117202,,,,,
,1434,4690626422,,113.335422,23.118529,,,,,
,1435,4690625746,,113.335762,23.118532,,,,,
,1436,943242113,,113.335426,23.116315,,,,,
,1437,5070078278,,113.323901,23.117927,,,,,
,1438,4881851970,,113.340681,23.128414,,,,,
,1439,4881851971,,113.339494,23.124453,,,,,
,1440,4911948961,,113.368134,23.138433,,,,,
,1441,4970542854,,113.330601,23.127244,,,,,
,1442,8016202677,,113.329836,23.127297,,,,,
,1443,5238965184,,113.328648,23.127379,,,,,
,1444,1988676144,,113.331032,23.127219,,,,,
,1445,5286040256,,113.325047,23.121398,,,,,
,1446,5286040257,,113.325591,23.121352,,,,,
,1447,5007425847,,113.301098,23.133235,,,,,
,1448,5007425846,,113.300981,23.133644,,,,,
,1449,5021426151,,113.316905,23.119491,,,,,
,1450,481039234,,113.298565,23.128681,,,,,
,1451,5063272654,,113.321821,23.121581,,,,,
,1452,3011230476,,113.328053,23.120885,,,,,
,1453,5066720088,,113.339051,23.114292,,,,,
,1454,5066720120,,113.327380,23.115779,,,,,
,1455,4826468641,,113.299763,23.140703,,,,,
,1456,6909039348,,113.311835,23.125592,,,,,
,1457,5072592551,,113.342387,23.119934,,,,,
,1458,5072592922,,113.342447,23.120193,,,,,
,1459,5522474137,,113.343440,23.123861,,,,,
,1460,5117881031,,113.344477,23.127725,,,,,
,1461,5211851938,,113.342379,23.120215,,,,,
,1462,5072592561,,113.342279,23.119743,,,,,
,1463,5072592607,,113.342236,23.119385,,,,,
,1464,5072592563,,113.342312,23.119940,,,,,
,1465,5072592568,,113.342106,23.117787,,,,,
,1466,5072592579,,113.341832,23.114314,,,,,
,1467,7837687552,,113.341857,23.114749,,,,,
,1468,5072592585,,113.341348,23.114002,,,,,
,1469,5072592586,,113.342320,23.113885,,,,,
,1470,5530260095,,113.341802,23.119762,,,,,
,1471,5072592536,,113.341832,23.119987,,,,,
,1472,5211851939,,113.342041,23.119967,,,,,
,1473,5072592966,,113.346585,23.116062,,,,,
,1474,5072601834,,113.334778,23.120522,,,,,
,1475,5072601835,,113.335143,23.120487,,,,,
,1476,2049472518,,113.324061,23.142553,,,,,
,1477,5007425838,,113.298528,23.130132,,,,,
,1478,5007425831,,113.301489,23.130613,,,,,
,1479,5117721019,,113.368907,23.123314,,,,,
,1480,5117881023,,113.315844,23.119486,,,,,
,1481,5899389409,,113.321973,23.116233,,,,,
,1482,5530308264,,113.338773,23.119940,,,,,
,1483,6203797716,,113.339588,23.119890,,,,,
,1484,5117881032,,113.346384,23.119906,,,,,
,1485,5530308257,,113.338035,23.120974,,,,,
,1486,5230861874,,113.322949,23.132621,,,,,
,1487,6561057894,,113.323038,23.134328,,,,,
,1488,5171347126,,113.309627,23.116144,,,,,
,1489,5195840979,,113.340313,23.128430,,,,,
,1490,6754909654,,113.340102,23.127566,,,,,
,1491,1988676142,,113.332726,23.127096,,,,,
,1492,1988676140,,113.332799,23.127092,,,,,
,1493,5731760672,,113.309958,23.107574,,,,,
,1494,5210596289,,113.309855,23.107298,,,,,
,1495,5731760676,,113.309601,23.105098,,,,,
,1496,1988629242,,113.351010,23.118628,,,,,
,1497,6923881553,,113.347096,23.119916,,,,,
,1498,5726421313,,113.341482,23.132241,,,,,
,1499,3975594297,,113.341080,23.132813,,,,,
,1500,5726421306,,113.341077,23.133536,,,,,
,1501,5726421311,,113.341076,23.133725,,,,,
,1502,5726421316,,113.341079,23.133019,,,,,
,1503,5726421318,,113.341078,23.133214,,,,,
,1504,5726421309,,113.341075,23.134034,,,,,
,1505,5228289919,,113.341072,23.134712,,,,,
,1506,5726421679,,113.339979,23.137254,,,,,
,1507,5726421678,,113.339990,23.137479,,,,,
,1508,5221567557,,113.340479,23.129036,,,,,
,1509,5726421314,,113.340268,23.132787,,,,,
,1510,5726421315,,113.340266,23.132973,,,,,
,1511,5726421317,,113.340265,23.133194,,,,,
,1512,5726421307,,113.340262,23.133517,,,,,
,1513,5726421310,,113.340261,23.133738,,,,,
,1514,5726421308,,113.340259,23.134060,,,,,
,1515,4880334273,,113.340254,23.134693,,,,,
,1516,4880334274,,113.339890,23.134685,,,,,
,1517,5726421715,,113.339944,23.136577,,,,,
,1518,5596690573,,113.340012,23.137897,,,,,
,1519,5726421299,,113.340033,23.138312,,,,,
,1520,5726421693,,113.340022,23.138099,,,,,
,1521,5726421712,,113.339955,23.136780,,,,,
,1522,5726421683,,113.339965,23.136985,,,,,
,1523,3071380120,,113.329537,23.138593,,,,,
,1524,4880334272,,113.344159,23.129724,,,,,
,1525,5726421632,,113.344115,23.132404,,,,,
,1526,5230861897,,113.327269,23.131995,,,,,
,1527,5230861903,,113.327354,23.134158,,,,,
,1528,5230862019,,113.329323,23.134195,,,,,
,1529,5230862020,,113.329317,23.134138,,,,,
,1530,5230862094,,113.331312,23.134682,,,,,
,1531,6594756035,,113.331150,23.136190,,,,,
,1532,5232130260,,113.350266,23.128463,,,,,
,1533,5232130262,,113.351242,23.128440,,,,,
,1534,5232130264,,113.351218,23.129647,,,,,
,1535,5232130274,,113.354367,23.131019,,,,,
,1536,5232130287,,113.354582,23.130566,,,,,
,1537,5232130284,,113.354483,23.131021,,,,,
,1538,5238965132,,113.337926,23.126490,,,,,
,1539,5530260101,,113.328189,23.127585,,,,,
,1540,5238965205,,113.331200,23.127209,,,,,
,1541,5238965197,,113.331497,23.125418,,,,,
,1542,5238965209,,113.331400,23.125187,,,,,
,1543,7604789715,,113.368615,23.127187,,,,,
,1544,300104803,,113.303335,23.114685,,,,,
,1545,1952486505,,113.298966,23.114736,,,,,
,1546,5266078845,,113.311998,23.123100,,,,,
,1547,5266078852,,113.312001,23.123124,,,,,
,1548,6909039285,,113.311533,23.123141,,,,,
,1549,5266078836,,113.311753,23.122939,,,,,
,1550,5266078832,,113.311744,23.123380,,,,,
,1551,5275169425,,113.318018,23.109987,,,,,
,1552,2052208740,,113.320497,23.109692,,,,,
,1553,5275224896,,113.325691,23.122628,,,,,
,1554,5291962171,,113.302279,23.119453,,,,,
,1555,1988676126,,113.320820,23.124193,,,,,
,1556,5518002639,,113.362846,23.137294,,,,,
,1557,6754909653,,113.338120,23.127587,,,,,
,1558,5530308232,,113.337900,23.125013,,,,,
,1559,5530308234,,113.337893,23.125145,,,,,
,1560,5530308249,,113.337896,23.124033,,,,,
,1561,5530308250,,113.338035,23.124108,,,,,
,1562,5530308251,,113.337896,23.124108,,,,,
,1563,5530308256,,113.337861,23.120980,,,,,
,1564,5575233460,,113.316791,23.133071,,,,,
,1565,5575233464,,113.317206,23.133049,,,,,
,1566,5575233477,,113.317971,23.133009,,,,,
,1567,5575233466,,113.318724,23.133676,,,,,
,1568,5575233467,,113.318705,23.133062,,,,,
,1569,5575233479,,113.317951,23.132263,,,,,
,1570,5575233475,,113.317951,23.132167,,,,,
,1571,5575233489,,113.315342,23.132728,,,,,
,1572,5726421689,,113.340589,23.137842,,,,,
,1573,5596690572,,113.342602,23.137696,,,,,
,1574,5726421302,,113.342345,23.137707,,,,,
,1575,5726421702,,113.342166,23.137714,,,,,
,1576,5726421697,,113.341567,23.137748,,,,,
,1577,5726421684,,113.341338,23.137770,,,,,
,1578,7771621374,,113.305369,23.129461,,,,,
,1579,2051903214,,113.305283,23.129498,,,,,
,1580,7771621367,,113.308452,23.129182,,,,,
,1581,5613310004,,113.322204,23.123716,,,,,
,1582,5706859150,,113.332934,23.138367,,,,,
,1583,5706859158,,113.332944,23.138344,,,,,
,1584,5706859152,,113.332691,23.138293,,,,,
,1585,5706859151,,113.333122,23.138424,,,,,
,1586,5726421286,,113.345867,23.134548,,,,,
,1587,5726421623,,113.345232,23.134608,,,,,
,1588,5726421304,,113.342455,23.134705,,,,,
,1589,5726421281,,113.339899,23.134358,,,,,
,1590,5726421277,,113.339906,23.134078,,,,,
,1591,5726421278,,113.340175,23.134118,,,,,
,1592,5726421279,,113.339186,23.134081,,,,,
,1593,3905903812,,113.345473,23.128252,,,,,
,1594,5726421298,,113.339529,23.138338,,,,,
,1595,5726421696,,113.341598,23.138179,,,,,
,1596,5726421700,,113.342170,23.138150,,,,,
,1597,5726421300,,113.342602,23.138128,,,,,
,1598,5726421688,,113.340605,23.138253,,,,,
,1599,5726421297,,113.341064,23.138206,,,,,
,1600,5726421699,,113.342602,23.137942,,,,,
,1601,5726421294,,113.342645,23.138219,,,,,
,1602,5726421677,,113.341031,23.137486,,,,,
,1603,5726421680,,113.341021,23.137254,,,,,
,1604,5726421695,,113.341056,23.138031,,,,,
,1605,5726421301,,113.341010,23.137020,,,,,
,1606,5726421305,,113.342442,23.133556,,,,,
,1607,5726421673,,113.342361,23.137400,,,,,
,1608,5726421675,,113.342373,23.137173,,,,,
,1609,5726421320,,113.342442,23.135528,,,,,
,1610,5726421668,,113.341906,23.133566,,,,,
,1611,5726421319,,113.341753,23.135533,,,,,
,1612,5726421631,,113.346129,23.130278,,,,,
,1613,5726421634,,113.346087,23.132586,,,,,
,1614,5726421648,,113.345911,23.134154,,,,,
,1615,5726421653,,113.344310,23.132716,,,,,
,1616,5726421655,,113.345311,23.132696,,,,,
,1617,5726421656,,113.344302,23.132905,,,,,
,1618,5726421658,,113.345270,23.132891,,,,,
,1619,5726421659,,113.344322,23.133142,,,,,
,1620,5726421661,,113.345222,23.133117,,,,,
,1621,5726421662,,113.344350,23.133351,,,,,
,1622,5726421664,,113.345174,23.133348,,,,,
,1623,5726421665,,113.344344,23.133548,,,,,
,1624,5726421667,,113.345127,23.133566,,,,,
,1625,5726421671,,113.342212,23.132817,,,,,
,1626,5726421672,,113.341751,23.137410,,,,,
,1627,5726421674,,113.341751,23.137178,,,,,
,1628,5726421676,,113.341751,23.137541,,,,,
,1629,5726421685,,113.341349,23.137510,,,,,
,1630,5726421690,,113.340556,23.137483,,,,,
,1631,5726421686,,113.341340,23.137270,,,,,
,1632,5726421691,,113.340544,23.137254,,,,,
,1633,5726421681,,113.341751,23.137291,,,,,
,1634,5726421708,,113.340706,23.137010,,,,,
,1635,5726421692,,113.340548,23.137005,,,,,
,1636,5726421706,,113.341162,23.137017,,,,,
,1637,5726421682,,113.341752,23.137007,,,,,
,1638,5726421687,,113.341340,23.137014,,,,,
,1639,5726421694,,113.340597,23.138047,,,,,
,1640,5726421704,,113.341602,23.138413,,,,,
,1641,5726421698,,113.341584,23.137995,,,,,
,1642,5726421701,,113.342165,23.137965,,,,,
,1643,5726421703,,113.342188,23.138356,,,,,
,1644,5726421713,,113.341163,23.136734,,,,,
,1645,5726421716,,113.341164,23.136510,,,,,
,1646,5726421707,,113.341165,23.136080,,,,,
,1647,5726421710,,113.340609,23.136514,,,,,
,1648,5726421711,,113.340564,23.136092,,,,,
,1649,5726421709,,113.340727,23.136708,,,,,
,1650,5726421714,,113.341752,23.136693,,,,,
,1651,5726421717,,113.341752,23.136454,,,,,
,1652,5728863109,,113.319249,23.118889,,,,,
,1653,5728863107,,113.318900,23.119126,,,,,
,1654,5728863108,,113.319078,23.118880,,,,,
,1655,5728863102,,113.319322,23.118931,,,,,
,1656,5728863110,,113.319398,23.119150,,,,,
,1657,5739961227,,113.311320,23.136370,,,,,
,1658,6588011568,,113.311322,23.136318,,,,,
,1659,5739961234,,113.310217,23.133002,,,,,
,1660,5826878940,,113.305266,23.129432,,,,,
,1661,7771621368,,113.308452,23.129113,,,,,
,1662,7771621375,,113.305350,23.129392,,,,,
,1663,943235627,,113.338934,23.141689,,,,,
,1664,4539613959,,113.315950,23.125494,,,,,
,1665,4416448573,,113.338040,23.121282,,,,,
,1666,7206175525,,113.337556,23.124415,,,,,
,1667,5289232530,,113.338337,23.109054,,,,,
,1668,4385534545,,113.329111,23.106406,,,,,
,1669,6063931130,,113.352530,23.112550,,,,,
,1670,1184781694,,113.362110,23.112175,,,,,
,1671,7625071803,,113.309734,23.116786,,,,,
,1672,6206475267,,113.361031,23.143527,,,,,
,1673,6206475273,,113.364170,23.137924,,,,,
,1674,6229540421,,113.300572,23.121435,,,,,
,1675,6229540422,,113.301332,23.121226,,,,,
,1676,4816360664,,113.367715,23.120107,,,,,
,1677,6358142909,,113.314734,23.137922,,,,,
,1678,1988629241,,113.352945,23.118362,,,,,
,1679,4385453373,,113.328401,23.118106,,,,,
,1680,4416094158,,113.327007,23.134175,,,,,
,1681,4414760646,,113.308779,23.132301,,,,,
,1682,5739961235,,113.310278,23.134400,,,,,
,1683,6552011244,,113.308749,23.132544,,,,,
,1684,4281425689,,113.328957,23.135924,,,,,
,1685,6561057892,,113.325679,23.134227,,,,,
,1686,6561057903,,113.326408,23.134968,,,,,
,1687,6562564610,,113.328547,23.118833,,,,,
,1688,6562564609,,113.328478,23.118787,,,,,
,1689,8307723801,,113.323053,23.135930,,,,,
,1690,1040805480,,113.324039,23.136103,,,,,
,1691,4414374055,,113.298607,23.128581,,,,,
,1692,6578428540,,113.311278,23.136373,,,,,
,1693,4377444732,,113.310898,23.136753,,,,,
,1694,6581066990,,113.336406,23.138274,,,,,
,1695,6640473660,,113.305088,23.122994,,,,,
,1696,6640473665,,113.305471,23.123033,,,,,
,1697,4061622753,,113.360011,23.122396,,,,,
,1698,6875261763,,113.311026,23.121145,,,,,
,1699,1952513891,,113.310869,23.121148,,,,,
,1700,6909018884,,113.310621,23.123206,,,,,
,1701,6923881561,,113.346728,23.119911,,,,,
,1702,6953311372,,113.311838,23.126105,,,,,
,1703,6953311365,,113.311694,23.126058,,,,,
,1704,6953311380,,113.312133,23.125788,,,,,
,1705,6953311378,,113.311587,23.125808,,,,,
,1706,6986617910,,113.338350,23.106973,,,,,
,1707,7082720385,,113.353968,23.106828,,,,,
,1708,7098607683,,113.364726,23.135210,,,,,
,1709,7205451599,,113.316621,23.126113,,,,,
,1710,8003896475,,113.316963,23.126376,,,,,
,1711,7206175548,,113.330969,23.125125,,,,,
,1712,8016222988,,113.329094,23.125369,,,,,
,1713,5238965211,,113.331133,23.125101,,,,,
,1714,4397742130,,113.330988,23.125004,,,,,
,1715,4397742098,,113.331411,23.124819,,,,,
,1716,7206175552,,113.331432,23.124725,,,,,
,1717,7771621369,,113.308459,23.128131,,,,,
,1718,3547498511,,113.350665,23.139033,,,,,
,1719,7599653800,,113.349881,23.137094,,,,,
,1720,7771621330,,113.306242,23.133998,,,,,
,1721,7771621332,,113.306241,23.133995,,,,,
,1722,7771621334,,113.306618,23.132041,,,,,
,1723,4414727436,,113.306697,23.131786,,,,,
,1724,4414727433,,113.306692,23.131864,,,,,
,1725,7771621338,,113.306608,23.131930,,,,,
,1726,7771621351,,113.307414,23.131134,,,,,
,1727,7771621350,,113.308163,23.131181,,,,,
,1728,7771621358,,113.308752,23.129983,,,,,
,1729,7771622769,,113.304400,23.129659,,,,,
,1730,7793671071,,113.303189,23.129244,,,,,
,1731,7793671070,,113.304744,23.128995,,,,,
,1732,299852914,,113.299910,23.111701,,,,,
,1733,300104362,,113.296411,23.110197,,,,,
,1734,4385545723,,113.318201,23.105584,,,,,
,1735,2950175127,,113.312551,23.106402,,,,,
,1736,4414480749,,113.298601,23.128830,,,,,
,1737,8003896467,,113.316881,23.128985,,,,,
,1738,8003896477,,113.316878,23.127420,,,,,
,1739,8003896476,,113.316975,23.127313,,,,,
,1740,8016222987,,113.329042,23.126727,,,,,
,1741,8016222989,,113.329071,23.125972,,,,,
,1742,8016222992,,113.330215,23.126630,,,,,
,1743,4061756884,,113.362442,23.112394,,,,,
,1744,4061756859,,113.362420,23.112212,,,,,
,1745,8307723790,,113.328668,23.135829,,,,,
,1746,479754913,,113.329208,23.135772,,,,,
,1747,8307723791,,113.328957,23.135844,,,,,
,1748,8307723794,,113.328956,23.135795,,,,,
,1749,8307723795,,113.329194,23.135837,,,,,
,1750,4377598893,,113.323049,23.135986,,,,,
,1751,8307723799,,113.323045,23.136035,,,,,
,1752,8307723800,,113.322924,23.136013,,,,,
